,w,x,y,z,categoria
0,10.993073751501703,-1.0689466494824513,-2.7638230972218856,3.039572012891794,helm
1,20.102127148244023,-3.1691096990141427,-5.262623839189834,0.15753951167141467,moria
2,-3.681354151097633,0.23828138401749832,0.682606077944111,-0.41201638764568815,moria
3,7.739732568672588,-0.506500078764186,-1.6725090654115644,-3.99328022539143,moria
4,4.454282418483716,-0.19593771553347572,-1.2119077902060313,-4.132422582844714,tirith
5,-15.90398885115199,1.6700918633692492,3.909821825893472,-2.575956637381741,moria
6,18.35434601443962,-2.112887576603601,-4.607670049974932,1.3308359133063763,moria
7,0.09235546415490836,-0.7095821218091454,-0.08495193446185567,-1.112723822441192,rivendale
8,-0.788891042825788,0.4968195113981567,0.21340532101308285,-4.584797464468036,moria
9,-1.7468215081861125,0.2506775346883887,-0.14075286834662548,0.8140885615177154,helm
10,-7.0201123230388305,1.7483925496430204,1.9203627746188734,-0.5246721161563697,helm
11,-11.215828664380526,0.9578507822450057,2.8937175868058924,-5.1382476374167485,rivendale
12,-32.959299444058345,3.741455664402912,8.349956688482614,-4.397073603736448,rivendale
13,0.9189980394393162,-0.005182172400932661,0.2703572013836317,4.651070853309296,moria
14,12.284690419741601,-1.201870778634826,-2.942522935340537,4.850124147078925,tirith
15,11.814706479010635,-1.1961438238565412,-3.053870467465609,0.8018167375848548,rivendale
16,9.078423509279009,-0.978749290179325,-2.42172422093889,4.183428641956945,rivendale
17,1.398484376417547,-0.14179744721449117,-0.3444676609797331,0.7860090461274112,tirith
18,-2.562285997703962,0.8586044082618443,0.6651670996401264,-1.1258240388252814,moria
19,11.074414461231514,0.13410040493586461,-2.662567219200784,2.7711468554259415,moria
20,-0.6289495386308643,0.8112826376916489,0.8335593111726091,-1.4418454654398487,moria
21,15.238273196749688,-0.7185504171440086,-3.5325710980691394,-5.365004136611443,helm
22,14.792452491004985,-1.8544299132136217,-4.00113733106526,-2.0235802610276394,helm
23,-13.89441499870758,1.59118305343521,3.1632234353616684,4.271407115327846,rivendale
24,9.081936155084112,-1.5633179042408876,-2.648066341004197,4.019923689411395,tirith
25,-11.711308233520915,1.4079057289379038,3.150374376802582,4.593933024223353,rivendale
26,0.07606304535176955,0.7103870180681685,0.15667565282534457,3.301452445154914,tirith
27,4.684686610979823,-1.3719560942879945,-1.5737946439162562,1.5864777544572228,helm
28,-7.690451539297215,1.0775822705686786,1.6989815438503266,2.0714855080618886,moria
29,11.633415907295843,-1.382911559176285,-3.087346022546361,-2.587875225075387,moria
30,-12.709504961801303,1.226523573495808,3.0412807662008783,1.1532248578186293,moria
31,27.33960537449596,-3.3099340818255056,-6.953723850574028,4.77225405988098,tirith
32,-5.191178597837031,1.1928299655419334,1.461811232452456,-0.6604730402653383,rivendale
33,7.7517963174295135,-1.6152429338535388,-1.902347311809395,-7.504600204608771,rivendale
34,0.683039283160648,0.4184457682149808,0.20738480968615847,-6.362485928490705,helm
35,-4.05489048458125,0.9561415404759291,1.4149864668648897,1.5612067707255184,moria
36,15.359536758645705,-1.8032515625947771,-3.7771597291650667,-2.1340658156332646,tirith
37,15.486059661838127,-1.337814982939871,-3.5295640642579746,1.5542318735007785,moria
38,-11.13117907926658,0.7703980454336015,3.1742320491221747,1.40063990489022,tirith
39,19.90045755104971,-2.129422021860754,-4.701711403226413,6.024729839360141,rivendale
40,-7.02876119871824,0.951841060839721,1.8827639982823239,-0.015897479184360908,rivendale
41,2.120167011887692,-0.5176359641034964,-0.39254456624853495,-2.7325479734824536,moria
42,-4.050484359149626,1.1962187957385026,1.0088598012576797,3.4129927285144657,rivendale
43,2.222794066853149,0.07891862942084993,-0.42994256482880033,-0.8926200715928698,helm
44,-15.264696259777299,1.1328439587951324,3.4873826105884307,-0.7564606825195852,moria
45,-9.02290579034618,1.1774139486886221,2.5241727203742332,0.8018858917839788,helm
46,1.627656602821404,0.4264012081888502,-0.6979613694273978,3.2242855838174913,rivendale
47,-4.463616031666754,1.2256035608410698,1.2953221555803587,-2.177501842618411,helm
48,-0.07541348831177597,0.8885908018301686,-0.059507807544365354,7.7868326076528085,rivendale
49,-8.280996618857959,0.42188198340301475,2.0715557102699487,2.5341700365070547,rivendale
50,7.5786790615528545,-1.4997896592015416,-1.8354644028184857,0.19078616490710631,moria
51,-1.0564079372688493,0.05394622149115513,0.3837971447424861,3.688529798600948,moria
52,-14.725120713038862,1.7623573404878443,3.640841361883825,0.7765348109888707,rivendale
53,-5.4922671611957385,0.2684388843764063,1.2347554813018036,3.6017592538136354,helm
54,-20.265270414979497,1.9234014174060254,5.222074307332764,-3.070856080781622,tirith
55,7.906011942642293,-0.5004119177528322,-2.1468613116564024,-6.460278261366735,rivendale
56,-5.955737345298195,0.47263714775018073,1.8721958886897128,5.7506997886268705,helm
57,2.6819368311708356,0.17641949640254806,-0.7714884215727371,2.4531984661560244,tirith
58,-9.046149255327034,0.5554156074366841,1.548517314841523,-2.0934961974614295,helm
59,12.806376930414151,-1.6164024490363855,-3.188932458891008,-2.410537938952306,moria
60,-9.941598907679676,0.9167638733417413,2.679267144877588,-7.206541918879373,tirith
61,-5.111986447734013,0.5621507040282065,1.680464317993649,0.5568835576903552,rivendale
62,-10.70123870516112,1.336665486575427,2.9246626222178786,0.18777117582541014,rivendale
63,1.7253650199374038,-0.3443465488956126,-0.9635237155056746,2.0191760853126217,rivendale
64,-9.02042179612665,0.3345091855395461,2.2960913267015517,3.5040712179484776,tirith
65,14.678865023439078,-1.8615578981822336,-3.635416826170817,-4.097200486943641,rivendale
66,-7.33794920537775,0.7025759748154292,1.6897339232734734,-2.626414175936897,tirith
67,11.419311860150136,-1.422903446499651,-2.919147954003138,1.8598549743346617,helm
68,-12.871554701615295,1.5238666914274357,3.5479724998916446,-0.3520258304347128,tirith
69,3.9768262084629202,-0.10623896781045439,-0.9338060979363031,-1.972790061710235,tirith
70,-4.743136147313557,0.0358480050924499,0.9998338742297229,-0.8543075004823153,rivendale
71,-7.413571053689467,-0.0064125330987268025,1.8304788543612234,2.614251325970283,moria
72,1.5761937629183624,-0.9160726145610535,-0.20219644025052652,-3.2096300904287376,helm
73,4.541413110421839,-1.135078389262433,-1.3443148977256298,5.331608069071101,moria
74,-3.9561564134080243,0.13762211831710475,1.2592991048484703,1.6139376757694301,helm
75,-3.7895598244867403,-0.46281383389650776,1.0603243577137789,-5.690680128084173,tirith
76,0.7119080123935064,-0.12383332475887651,0.0005832082174450914,1.148487662987356,rivendale
77,0.704920849003109,-0.09523514590181203,-0.23217465054535305,4.83854746030596,moria
78,2.6245994574136984,-0.9614863928733877,-0.9019439589885345,5.211177567927191,rivendale
79,3.832540662689655,-0.8407699235588755,-1.0549541582300574,3.226567780885662,rivendale
80,13.97641291114144,-1.4236453631875015,-3.3321072519490786,-3.451891066399223,rivendale
81,-10.491794008031494,1.377293681734829,2.5051622909519957,0.44512365711334057,moria
82,-13.604372059175162,1.4986208273118908,3.228805671437638,-1.8472137859235243,helm
83,3.7339225341765623,-0.5424493597479223,-1.1059748045847473,-6.116415706745814,rivendale
84,-19.43562033661719,2.908022677887445,4.776825721822867,1.9199905609503416,rivendale
85,20.736583410335214,-3.0785427820982494,-5.453387779217577,1.1729789330005518,helm
86,11.170180582437872,-1.7440219407083348,-3.1386203989688415,-1.2040834375587086,moria
87,-0.3781997608354515,0.4888675808011055,-0.20565058629240873,1.281413881743783,rivendale
88,13.929261988501812,-1.7561242197794962,-3.863625323757673,2.848428087970134,helm
89,7.07878390999079,-0.8426875850968265,-1.9232108713238831,-1.8395489578189506,moria
90,-1.6137282232190273,-0.4806940444874378,0.7190004781376218,-5.223230245491557,tirith
91,-5.091969312584966,0.4249650725918502,1.0781057993016008,-3.0328510139535423,helm
92,-4.725279519283065,1.196117778018622,1.411397165056739,3.1935820061150597,helm
93,-3.0047445382193123,-0.28837488555973717,0.40466253410598196,-4.224922194476515,tirith
94,-1.232660252907408,0.5232235156795281,0.4250887274184396,-2.312477450297805,rivendale
95,0.7966582752179517,0.30846883817493204,-0.09416936184231184,-1.4677429675170492,moria
96,16.098254855830955,-1.9164932998095978,-3.5907531961402634,-1.0002964817128666,rivendale
97,15.83519636405334,-1.6153379990579184,-3.582751943890984,2.253888968060928,moria
98,8.73648286300371,-1.6946016188245658,-2.3527020106433003,2.0981481708979377,tirith
99,-10.080873430389662,1.4431765326332862,2.398694762783812,-2.735432396794561,helm
100,10.036869002569079,-1.1229390471161078,-2.609314907863416,4.844969375375234,rivendale
101,17.858663162307835,-2.2302959208662325,-4.199157785718975,6.443578483122421,helm
102,13.261757067022193,-1.804876313788003,-3.559852676208171,-2.108105711042399,helm
103,5.154925361117867,-0.7616393215853785,-1.0622180162528618,-5.856630530116127,tirith
104,5.143853546938715,-0.7011755566258822,-1.713473744419495,-3.5157262836868544,moria
105,5.5386389263992,-0.7852415837232726,-1.3610147753813564,4.92838506594808,moria
106,3.186932861811248,-0.33202793751639614,-0.820386775632898,-3.5227058650079544,helm
107,0.09203712890143129,-0.5078736998502839,-0.14468254273903458,-1.4965663581344575,rivendale
108,4.917833999447293,-0.6874871990488449,-0.9772945995913709,0.4930185002841121,moria
109,-13.159453824378772,1.7410177863792469,2.8672260080060865,-4.915474692425829,rivendale
110,21.86336124760113,-2.2424492534018645,-5.084044865739822,1.3304448035145953,helm
111,-3.8084912927968633,0.7039870021560455,1.2606395939330808,-4.449973256175032,rivendale
112,-6.915498979505138,1.0037177443395309,1.5876009275083174,-0.7900097626693955,tirith
113,-10.021695176137966,1.1288329540701398,2.342225396057417,-3.169457432882849,rivendale
114,0.9358214731020091,-1.1609695449595816,-0.664967069648865,-0.7997919831194602,rivendale
115,-7.659236111183107,0.24634325593505796,1.996039422866573,0.21609442828754277,helm
116,5.49926543739179,-0.6327362019071355,-1.3998226930840296,1.4600851443921545,tirith
117,10.05082334160494,-1.3763609174937081,-2.283727714913991,-1.3063168089397077,tirith
118,7.16642374362803,-0.1326147543540008,-1.6522899551643977,1.0290695803527474,helm
119,2.631217236945554,-0.2815738876417331,-0.890552015360631,-5.799508152627139,moria
120,-31.439154520058143,3.716811649840506,8.034245380454065,1.8562327865598311,tirith
121,4.611278532077835,-0.6224861874560301,-0.7670841942669755,4.978061049532769,helm
122,7.982933094351262,-0.7709087591939704,-1.976691567781432,-2.1360082658357458,helm
123,-0.7617428547504727,0.30437625650149863,0.029511421029876028,-4.098303787910942,helm
124,-10.56503805705813,0.8352530965501705,2.7642131780431907,-5.886655109986164,helm
125,-10.461653217272545,1.3681621359529577,2.418742777445888,-0.24639234255083053,rivendale
126,14.171575740865014,-1.1175876079192486,-3.7546412938673517,9.673576940767731,tirith
127,-5.1404560836453985,0.4613781980779933,1.2375361834704726,0.5374129981314,moria
128,25.126652354167522,-3.002395894270824,-6.541382542344,-2.4950638198526796,helm
129,5.795491865359468,-1.5558640368632695,-1.58575807026583,0.8916927771431566,rivendale
130,-9.26977330784964,1.3846190952731137,2.3628501724611426,0.7520871512454266,rivendale
131,4.472088315956676,-1.0279228906277715,-1.18478678460677,1.7650986524676229,tirith
132,-2.033664178761051,0.1471187694686411,0.33462337214455806,-0.4604651761675036,rivendale
133,-1.1926719275005209,0.7989212839616135,0.3484036146561462,-3.0717380308604074,moria
134,-0.8062936313401075,0.4319311391681335,0.24247044222040404,1.3570194008869225,moria
135,-8.835358744495304,1.2242524021884158,2.108545690921521,-2.134129368907214,helm
136,4.959712618491899,-0.2863269812840494,-1.1236422641883155,0.5711440405027062,rivendale
137,-9.249219041111477,0.7308296884646105,2.386960141198927,1.6956182627462553,rivendale
138,4.437828531621884,-0.9897711750346938,-1.2182545259690059,1.5434685827399586,tirith
139,-1.657707071321969,0.43167828676399816,0.14381112483052705,6.047581718928354,moria
140,-9.726605250943669,1.4481514998210403,2.2431761765047455,-0.5104573865176634,tirith
141,-4.711918976813752,0.8135937079559034,1.2376485778352901,-6.57404828049971,tirith
142,-2.4703839212874295,0.21682121305469965,0.745908869058556,2.5877624535896375,moria
143,1.210996767938896,-0.6732118348959935,-0.6547778427523251,3.9614870637557855,tirith
144,-20.979022859639223,1.5094149405249666,4.7390915393774975,3.446304837870282,helm
145,18.34996649713698,-1.580138147946879,-4.313961491291596,-3.3472865297661345,rivendale
146,-0.6836681704034684,-0.07210953198246295,-0.4798577084563758,4.283865066631682,rivendale
147,4.4395676885341775,-0.45300275749639174,-0.8361762034090935,-7.365807515784198,rivendale
148,-0.3454798602825785,-0.31309628447496496,0.27310962483749546,-2.1229870737755014,tirith
149,-7.138825687195741,0.5002113420400272,1.9198024084672454,-5.344855454037512,rivendale
150,11.124452501573726,-1.0495032176038106,-2.61903412898311,1.4260007412902787,tirith
151,-16.717201978787973,1.4151541196302042,4.218332100148382,2.8279140452973053,tirith
152,-8.885160152601324,0.21996152958996162,2.2238432082047925,0.11635941187245291,moria
153,1.5379884620449253,-0.8240257676121161,-0.047426603363536435,0.23200567350152587,moria
154,-8.170311126405432,0.28610523303524305,1.778163876914582,-1.2858589064068155,moria
155,-8.03985344028324,0.9299268395185595,2.233152639875159,3.946359530089846,moria
156,5.367096432018504,-0.847009041570786,-0.8376333855685123,6.49027270361573,helm
157,34.448894407118,-3.579912426052457,-8.650977022551652,4.084292046146125,helm
158,-5.112263322036742,1.1698202913805427,0.9413695113702765,1.4339324675964735,tirith
159,-10.896138417538422,1.1586873220704899,2.732574927658242,5.301891781846594,tirith
160,-1.6954110556462303,-0.17337943506181458,0.5504257934674608,5.619859829158641,rivendale
161,-15.007160474015139,0.6286517198002026,3.589380615836042,-6.5654458394417725,moria
162,-12.099015095385152,1.7653250786371257,3.1730478217614406,-2.687039364207886,helm
163,-6.419329917487924,0.009703892276801726,1.3778280515133872,2.0263993651490546,helm
164,-6.283912684737751,1.1255098469408904,1.7451986466877316,-1.9777584122815368,moria
165,5.493815415798143,-0.6174784369457832,-0.8708763425391053,-5.652191987664785,rivendale
166,-11.018676630450171,1.1362851350648837,2.613313502734204,5.03873218945943,moria
167,14.803841253852033,-1.568336043026235,-3.6905961986054594,1.0114921879636947,helm
168,6.310678760837618,-0.5936439940950144,-1.377586889219373,2.141240168499204,moria
169,10.284881451472668,-1.8543338074918274,-2.7003963362932994,-0.3869981185108011,rivendale
170,-7.778461162821473,0.4339183253082467,2.0037338027899767,2.1830038110398786,moria
171,-10.476878280950341,1.276223664839289,2.5576780204722835,1.8692247449410608,tirith
172,17.806563569402787,-1.5357231299822078,-4.694813829198859,1.8553819984218003,rivendale
173,-6.148434117756656,0.2765557648810517,1.6845763989449831,0.6967085538519041,helm
174,3.5424998590452534,-0.9384614491840311,-0.7212612203342561,-4.661848575014364,moria
175,-0.4272268072462756,0.8506105340743744,0.26665169619025253,-0.6553242472130167,helm
176,-12.589853462031487,0.654635817181302,3.3571539484753674,1.285313249059185,helm
177,-0.4759924456404919,-0.014422172175735826,0.30276954117796007,-3.741401311343542,helm
178,-24.29522409157927,3.362955340398018,6.239938660981555,0.3208308716421373,tirith
179,-9.885596431766382,1.0846186462303569,2.268765676965772,-1.9245474096993962,rivendale
180,14.679919458479063,-0.6166905119431211,-3.362100598188582,-2.7012147831925626,tirith
181,17.642401145748504,-2.032847197315031,-4.471742931080089,-3.971457157260757,moria
182,14.734668819891443,-1.914898864253362,-3.71749869249908,-2.986374676675423,moria
183,4.4458130398312425,-1.082796393130502,-1.2171096700160027,2.2934764062792317,helm
184,-1.184451775350253,0.7284872125731857,0.5141613941008956,-0.3612221227578596,tirith
185,16.805588114551348,-2.1139843337440096,-4.563500668862033,0.3310964380443143,tirith
186,-2.9623582201372844,0.3481570924858115,0.9484203421895494,6.810499919985777,rivendale
187,-5.446714681471658,1.3970505609465567,1.4379219910737158,-1.4186049368519158,helm
188,3.7148628493198492,-0.37494954547519244,-0.6460352093577209,-0.5877873341933668,helm
189,-13.467152014841043,1.3506701345089043,3.3441227353140937,-0.6944912872749394,tirith
190,-2.0396874679635046,-0.3958983301844085,0.449811854895544,2.9879408288135463,moria
191,-9.5447601820993,0.9471394940202844,2.405127901303684,0.49086459202260824,tirith
192,-3.549555064258266,0.03075605072952403,0.8712254936069628,5.362079193836904,rivendale
193,5.280816730178271,-0.9700186400715453,-1.4372861086773243,-1.9034720867013053,tirith
194,17.460423394773734,-2.112418130120669,-4.02420849807654,2.398145021925246,rivendale
195,21.346608605220492,-2.847077972496501,-5.6091965536103725,-2.4659113866326274,helm
196,2.7336724769538936,-0.653058241662849,-0.17276530662710443,-2.1687215795508865,rivendale
197,14.787778978058121,-2.4577804257822615,-4.082608881003816,3.7110992357169352,tirith
198,2.6042071191987755,0.221484086118278,-0.5458410110554768,5.616593796319611,moria
199,-17.26732929104481,1.7038082062425972,4.458028479942212,-3.0346638576296887,rivendale
200,-12.900776761308618,1.884098294877582,3.4885846032316046,-0.20783030038393657,rivendale
201,0.5262661884271496,0.1301567276622736,0.05729336098824253,-2.9458682748045266,moria
202,-14.752467819527512,1.4633945545031168,3.6103982176219245,0.538002983752139,moria
203,16.035957013313592,-1.604357074178644,-3.798916914666274,-2.4897594376372147,moria
204,-17.266529966772797,2.2848873202549083,4.175268283794453,-1.4761339114881573,helm
205,-8.264487907177974,0.46897369440882447,2.0720410534454476,4.625140616305991,helm
206,-1.750672085215808,1.2000597367005885,0.5532743057799319,-1.004510222912079,helm
207,-13.73968210202381,1.3137846935784783,3.2410610983308255,2.1022804193631672,moria
208,-8.01630633958504,0.4275451527509645,1.6925412641064188,-0.7912436073475506,helm
209,5.809829418377235,-0.45424157537276105,-1.2323021031335328,-1.3147848958106423,rivendale
210,0.22729419922308414,-0.23279117963440588,-0.48978337513365555,-4.699177358522547,helm
211,-0.7300773403186769,1.0635154351898797,0.7220504989062595,2.8299385563198007,moria
212,-8.847125284170989,0.22282801262594099,2.2558625126918628,-0.3804182422070168,helm
213,2.6463363351536633,0.31454149449957014,-0.25373631644463146,3.02019435783762,helm
214,11.334522161818356,-0.5804408154651589,-2.952283754537178,-0.4278449006295275,helm
215,-17.787387706819857,2.321082812305166,4.412379387654971,0.6743551852719303,helm
216,10.407954527569563,-1.6725148712870792,-2.748499233299105,1.40058082247325,tirith
217,-2.2619361611211453,1.0348448692549579,0.9680197256307255,3.2537395055389564,moria
218,6.323349805098223,-1.6735018055601496,-1.6243676230324384,2.118508242534645,moria
219,8.26004961290611,-0.6337738337452518,-2.244088388180831,-4.75993285224966,tirith
220,-12.001799677774349,2.058065874062781,3.105819837880826,7.158078356850115,rivendale
221,11.172460465939572,-1.0223211196946869,-2.811872073809954,0.0780616755053889,tirith
222,-3.7142130512372757,0.42795843482275725,0.9174412960335839,-2.821566752747881,helm
223,-0.17950430693462077,-0.18504426079512237,-0.05140658834602263,1.6545195038197595,tirith
224,-14.89890161345706,1.3718095955385,3.775157363791381,-1.0161660336410987,tirith
225,6.041150141266902,-0.7736288328626832,-1.1784112353626022,6.2543580448757226,rivendale
226,3.9351374724889268,-0.5247276095608084,-1.1263541587572492,-5.247390761168786,moria
227,-6.095183868095457,-0.07270913848357519,1.7730062465647984,1.4360270241091677,tirith
228,1.9758695077063588,-0.10048999313033702,-0.09027630813063069,0.5211863047220483,helm
229,18.6498627987967,-2.1322300663502327,-4.754841252677488,-0.24293236964543308,tirith
230,-2.0388891476089515,-0.4043834646428274,0.48914387163107653,1.858347826861814,moria
231,-15.901011180954388,1.3263042007145138,3.726439061388324,4.619519332626299,rivendale
232,0.5012827089864751,-0.33425528783610065,0.2907880122419406,-2.4510400726515122,rivendale
233,6.88418794942022,-0.09592999326728446,-1.7377149511001617,0.21908727918635507,moria
234,-6.130616206344677,0.17896809941115122,1.1235754244913287,0.7727695358112019,moria
235,6.335958146366172,-0.8881606872654818,-1.6471387564295425,3.5745565911802464,helm
236,-11.227188212615536,1.5039830288587872,2.7423730928610888,-1.3883822739602187,moria
237,-15.175042713077339,1.545162159212258,3.7882649333723792,2.72137962009919,rivendale
238,-3.369783535466889,1.4698697577600957,1.075800177889482,6.171073453731022,tirith
239,1.3648296444095935,-0.6573425273800559,-0.00753202109264306,1.6973784993180583,tirith
240,10.42885346541354,-1.3774837333860723,-2.2366223281354567,5.3811103739509,rivendale
241,8.92321199221553,-1.138496907698393,-2.1338745215462938,-2.4388234934432393,rivendale
242,-24.622320216477092,2.7529726778038506,6.688788263614399,3.9208795086444024,tirith
243,-5.450153300509314,1.9721853802098235,1.8483089937141086,-2.6913663422993332,rivendale
244,-4.279561383774202,1.6834978577103075,0.9275419215389906,-0.29755346870078053,helm
245,13.296335846787596,-2.6240158306257655,-3.334836512211008,-0.5184323721673595,helm
246,-1.549827538345238,-0.41473563731667673,-0.008274507210848325,-1.0901742345162777,rivendale
247,-26.580921278314943,3.004199903899426,6.946601224003756,-0.23969234217432114,helm
248,-2.2993398807762917,0.16416913201133865,0.6194642416367897,3.6376000324465814,moria
249,-10.637656711627582,1.3830595189702328,2.885061944793714,1.6294206306055719,rivendale
250,1.308801985525486,0.3656694473857018,-0.16320197303317363,-3.8464879923149713,rivendale
251,-6.231086651189295,0.7060719097106928,1.155548835116071,-3.942381678946992,helm
252,-5.548011864041466,0.980446895862938,1.2090292215815222,-1.0347481220542512,tirith
253,6.04567282448841,-0.8907689299058463,-1.7575610701464368,2.4771592546815153,moria
254,1.9007514426770058,0.10980704662933993,-0.4556968856719933,-1.9873518962831727,helm
255,-8.245657467855967,0.7803056518530286,2.3080734218546612,1.3022929897546822,rivendale
256,5.368368985207918,0.3492942827472597,-1.2581537690506144,2.282326020289072,tirith
257,-2.37033236084321,0.3343455953369315,0.11314698192401507,3.5150146676511946,helm
258,23.11916201659773,-2.6784473341768575,-5.777471771960514,-2.1542126270241098,moria
259,13.596825579961331,-1.1057807810895384,-3.0211595821704442,2.74783825922919,rivendale
260,0.968017234864613,-0.230188782394259,-0.6603944309661082,-0.18996408361220296,helm
261,1.0878284011246184,-0.5065434571392142,-0.17809840054945147,-2.2615185648342955,tirith
262,-8.370708620634865,1.253156056811475,2.1100660946195755,-2.71801750726341,moria
263,5.606129290655077,-0.6789310409376905,-1.2388684603903202,-2.799289903712674,moria
264,-14.479201202537844,2.540798559431611,3.4941574901557404,1.1563854551726926,helm
265,3.5385307243417574,-0.4611181510616418,-0.8769183254442379,-1.3528542556795968,tirith
266,-4.241426179640019,0.2504299495503363,0.8549213162794398,0.8411972792663076,helm
267,-12.839332168570332,0.7421167636121409,3.1167409502990893,-1.9037567875929975,rivendale
268,-13.254558350080883,1.6823533118316276,3.4506854533651214,2.258109563900956,rivendale
269,2.516245558834416,-5.3354906061509055e-05,-0.05976369572368371,6.11001197469812,moria
270,-10.465486781801879,0.9105692182135734,2.988574907632057,3.3437378511335005,moria
271,0.9021636184320063,-0.014826104771996293,-0.5181030197764804,3.8216940628516345,rivendale
272,-8.896197246228075,0.8501309139126854,2.505848747900708,-3.6382157337354277,helm
273,-4.634318358050052,0.5870849802892988,1.276527104699267,0.2534063134058555,moria
274,4.01334101155175,0.8219158731582394,-1.2566036310832533,3.730138175551393,rivendale
275,-14.118196512401683,1.2053967864471236,3.238513393829786,-0.6123124975813912,helm
276,-7.56149700621539,0.9066863923623153,1.845688262556464,-0.5521598719272178,rivendale
277,-6.1011658932877095,0.31179596144933885,1.671977084457938,4.187862659431132,helm
278,4.343622620461307,-0.7993239220546755,-1.0433548893358933,-4.2703788321082685,moria
279,14.22225831192706,-1.8590542521890234,-3.679289689431077,-4.096626436738058,rivendale
280,10.677890471101465,-0.6375206207387061,-2.808650431676053,3.411050367761936,helm
281,-16.724957888504946,2.583293171316735,4.0763128303026015,2.423511190076627,helm
282,-9.564034284186773,1.446010904569862,2.023560380561599,-0.8740573012873682,helm
283,-4.148278581958382,0.019855213829925722,0.952121438234342,-1.394161574662875,moria
284,-9.08511771135667,0.6343344510677756,2.498787399659334,-0.5919582230117997,tirith
285,-1.283766627316655,-0.5042722416838673,0.15068619037338715,-0.6210740929178247,tirith
286,4.574898501786578,-1.1362168885696045,-1.125174348298045,4.654836316400992,moria
287,-0.9080994776192644,-0.2297648739567476,0.24483012381661307,1.5657414997735652,helm
288,4.05813026797374,-1.2396697381025863,-1.3289596609582242,0.823466764119511,moria
289,-5.896141161525671,1.0729313637996327,1.477205053647872,-1.5531786358030741,helm
290,-2.57638595842013,0.3054159831701957,0.27855060482630484,2.142106191237227,helm
291,1.5390545038513368,-0.023101425932964492,-0.2046824804894927,1.4017838443704016,tirith
292,0.6604928766504207,-0.7153918974112816,-0.04571247287147662,-0.1842952080974931,rivendale
293,16.432005748336973,-1.4717081856341903,-3.9491972172213234,-0.7512461663193648,helm
294,-3.3827681686822166,0.6359819997219329,0.9000577163791704,3.4291246272944313,helm
295,15.14043786271088,-1.8756512094947055,-4.215544528061363,2.0579767486622096,tirith
296,33.30062966691397,-2.8401090785589487,-8.024964400153397,-2.899518935193371,moria
297,-11.603356300313694,0.865283990063203,3.061266143269828,1.3863712776600325,tirith
298,2.0560073259980953,-0.6274701322155047,-0.583921934135744,0.4490349091864383,tirith
299,-3.443298703076122,0.7447472998017822,0.8933626496483458,3.6648603617579516,tirith
300,9.338973382280294,-1.0516647852130092,-2.4102991568178735,3.3448130439316888,moria
301,-0.2025034618674768,0.00621750101404428,-0.1254857288836513,-1.0158690364157112,tirith
302,12.686495628067643,-1.6014164932028607,-3.584031903178219,3.6624226132239435,tirith
303,-8.661404247005386,0.41562965373583727,1.8905428462572038,-1.494033050353028,helm
304,0.6029988284585849,0.9504387485761651,-0.21342016502560468,-3.449197453413042,moria
305,-6.7753783862202965,0.6696409616897211,1.8259621404440345,-1.4397760156754957,tirith
306,-5.890005903505639,-0.12387806154028935,1.5368233371657,2.9018267588350906,rivendale
307,7.710712008987253,-1.3338307098183806,-1.9284625542860057,2.3804058000844552,rivendale
308,3.576664574349787,-0.7504065355656961,-0.78140260135646,1.316564958266321,moria
309,-9.878123853549763,0.8963993091408738,2.353197305151622,1.302214470621457,moria
310,-4.782333591850396,0.5820260998034033,1.0821376926336257,0.4960652528560152,tirith
311,2.450202083722429,-1.0740689414836848,-0.849077593218257,0.11344730557511484,moria
312,24.638174035781045,-1.8515978452255926,-5.881010746663218,0.46786395811331305,moria
313,-12.955443811893586,0.895291016928256,2.9713503692044907,-1.1227626546665548,rivendale
314,-5.730148168974591,1.1850320115376318,1.6065565483656257,-4.581242851875735,rivendale
315,-4.34027536970106,0.358733439631564,0.9471026444134056,-3.105065087366182,tirith
316,19.046720733620845,-2.3244910845890647,-5.139520724134301,-1.0610000190182423,helm
317,23.25590987756354,-2.3631183626027297,-5.731970073784222,5.067511716280496,moria
318,-21.380215013299164,2.264290268476784,5.626717490412631,-0.9663567128646139,moria
319,3.0557263215747645,-0.4389764817607401,-0.5773231861652983,-0.876330009876142,tirith
320,1.2146663858984537,-0.9753417827258326,0.030809798486674644,1.3964838995266426,moria
321,-2.7511132012351336,0.15031304912313337,0.3906809080970173,4.821232805518325,rivendale
322,-3.55151966165582,0.8929404464402358,1.4461469697581157,0.47378261007084954,tirith
323,-11.837157583048086,1.9970881796662274,2.997762546465819,-4.257666733813069,helm
324,2.0262467012930956,0.217585181219821,-0.44503825512103334,4.142331875699201,tirith
325,-11.041996300857551,1.0363237434272061,2.7515001026548442,0.8709452142410568,rivendale
326,-16.02471147554181,1.797242813805179,4.305384076377429,0.15817170725944618,moria
327,20.20504648720762,-2.1012719908392086,-4.956704203028892,1.557890220941578,moria
328,-1.2605957286971676,-0.12595228810103684,0.3108589822430258,-2.296924517607653,helm
329,-13.771605569042462,1.565811304159348,3.2906578517566603,5.682293378628942,rivendale
330,-12.540522806796915,1.3300895698231028,2.80052963670534,-0.26794011816618557,helm
331,6.365195088640064,-1.2622768938606304,-1.8299071186677076,0.10729404897717498,tirith
332,-8.987672208485222,1.3035357602359996,1.8335239834400716,5.514709088966187,moria
333,-17.687893103659185,1.4784699185110497,4.527668575040966,0.929410249633293,moria
334,18.525945128966942,-1.8325890035359786,-4.260179810279235,-6.260564981108496,helm
335,-13.540375933590372,1.7413182288031792,3.340768889257027,-0.8388469675309453,tirith
336,12.956615263564503,-1.5027789935928841,-3.0929726228914283,-5.299613900636797,tirith
337,-6.270096130011133,0.29510866176527517,0.9771669766087833,4.159322769051543,helm
338,-2.2881482132941366,-0.056915580859349335,0.3823530084278997,4.850421647125074,helm
339,-8.782268346482036,1.016902713378117,2.153001022403553,-1.0116649034884733,tirith
340,6.292540885150883,0.3102150560070114,-1.5808775230644279,1.526497214338248,moria
341,3.51440180848233,0.1522185136071873,-0.8812696591265132,1.6836141062243508,tirith
342,-13.751481408360526,0.5953107443971413,2.9942163791871024,-0.005121921048872213,helm
343,-4.020755545386198,0.20719901533562785,0.670057642074839,1.3282538736312999,moria
344,8.18071978036917,-0.993646749199765,-2.3527764131763047,-3.4718308080196296,helm
345,-13.531686314292557,0.6730643046877208,3.6154286900583097,2.1685012173817793,helm
346,1.3374999520366693,-1.1793816301421336,-0.3422155742610431,-1.9324276861902057,helm
347,16.48417340229549,-2.503921112862484,-4.155035133935433,2.6558449210798485,helm
348,15.51352879566485,-1.386542969794546,-4.153598462004956,-3.861310447007263,helm
349,5.2595316254851845,-0.2603047388221832,-1.0487744635608567,0.15770360550008677,tirith
350,-1.3305701999989943,-0.21121303956051443,0.016528320975930155,-1.4012473998070059,rivendale
351,10.563492741516761,-0.6553008866911855,-2.4603227956954052,-0.7370131835315675,moria
352,14.539685175155705,-1.719957162708993,-3.5172370254158682,-6.525888449243322,moria
353,7.503819024398817,-0.272740631128598,-1.854723012556235,-1.5840241684386243,rivendale
354,-19.730549616827634,1.9693468978257833,5.1909901929272815,-11.046185894017745,helm
355,1.5555214618712516,0.12988311003003045,-0.2521946903112511,6.566393129015834,helm
356,28.544930901283042,-3.393624317752347,-7.04601690658604,-0.31357392029666153,helm
357,-6.96008226258587,0.56029890429159,1.6148563414300923,2.2142922992226173,rivendale
358,9.230261232965525,-1.3922823908247288,-2.2460450737435376,-0.31028072940741896,moria
359,8.475506016261836,-0.7504094275552535,-2.3157622110897242,-2.4931759277855177,rivendale
360,8.430714597736428,-0.42798070263024995,-1.9256699868087659,-2.828001267399108,rivendale
361,6.148572039499233,-0.6406805122002788,-1.960573490529792,-0.6845983687838629,rivendale
362,0.0381427723942758,-0.16533544508181297,-0.06412431289845494,-3.462993718136814,moria
363,11.138645679595035,-1.653817634278798,-2.749336059146021,-2.9420201711420413,helm
364,15.756892064582132,-1.291787775681027,-4.2566084839012746,-1.5169964039146848,rivendale
365,-21.462739529484587,2.1732642447584016,5.502113604111096,-1.0604197112745184,helm
366,24.532808652518707,-2.2472200268207447,-5.797858824170204,-0.41671984265369355,helm
367,-6.007272417004488,0.9941690701886865,1.3789359172336573,-0.20311234022770563,rivendale
368,-0.009462048860702454,-0.11204741414173691,-0.21857811712226577,1.2309344516958811,rivendale
369,-2.497058660442734,0.43320093020298817,0.29639511896680304,-0.273433027104642,tirith
370,18.968384037962775,-1.232821217994599,-5.018118749328169,-0.6969249273441156,rivendale
371,-3.752852977683384,1.1566358264615575,0.7568699172008089,-1.5369633951507287,moria
372,7.0882368338348085,-0.3568283518827208,-1.5007755412324189,-8.45984031649636,helm
373,-9.489843148364663,1.5066741389899672,2.417825372458701,2.237103828116023,helm
374,-13.383750223088004,1.511619875376013,3.3398908272109438,-0.6604987574758585,helm
375,12.614733945355253,-0.859319280710266,-3.1275131049677842,0.063070171358376,helm
376,2.889481725441075,-1.7144133954927825,-1.1094006668010379,-9.120157329491416,tirith
377,-11.411686774734939,1.080840277522122,2.8674829299677276,4.154656625004579,helm
378,-13.19840820468156,1.848074451762825,3.0073839010282137,-3.8726557322099184,moria
379,8.207494209568093,0.32890324490354195,-1.433029390166429,4.321504242664811,moria
380,-15.681887776344483,2.0288522264698963,3.813929985595456,-3.9046196527925074,moria
381,-14.940342611398,2.0027608785947635,3.7650893305181614,-7.838716654315981,tirith
382,4.040415161143902,-0.5701925709594966,-0.8640963909734771,-1.5806260648721429,helm
383,5.048675714462229,-0.48178759141145217,-0.898435918106586,5.6270272043643494,rivendale
384,1.6445308704825694,-0.14543827288278688,-0.4554101918130611,-0.6293277817317489,moria
385,2.0587917671718263,-0.7952314284932327,-0.6519518256468322,-3.846783252621008,rivendale
386,-3.404709427375318,1.1225647795811544,0.7842691446184877,-1.6855979520781987,moria
387,-10.331873889035942,1.6790590115263562,2.892173822058453,3.3117147331540036,rivendale
388,-19.58038687885458,2.4793250542257503,5.002644890198623,0.7044857278240992,moria
389,-15.693855767839391,0.6096846340712361,3.790935194882334,0.16058467335844107,rivendale
390,17.149644529235545,-1.4564768202877891,-4.432323808395403,4.832193478477818,rivendale
391,-0.22711486334244424,0.6849585857690986,-0.1546833830709946,-4.551388213415893,moria
392,-6.484601780193866,0.8583656029849798,1.6047119062715114,-4.4396605155599405,tirith
393,-9.106177023554146,0.8261831812202186,2.510960162151049,0.8009849266229261,tirith
394,-17.767658366517544,2.4766616300018165,4.497855029556947,1.1966957070927353,moria
395,7.589257568098912,-1.1858927294476462,-1.9065832655994965,1.4161115527163175,tirith
396,-7.299379766698416,0.7657065847141563,2.0601026977105983,2.99755296885216,rivendale
397,-24.87877041965938,2.3961419636978083,5.833259530757898,1.7214881463771017,helm
398,1.9390738090085207,-0.12893948748662754,-0.9232421266374342,0.6549227115559968,moria
399,-6.761784036415776,0.9319034609009259,1.6626645201526606,1.7217141202474031,rivendale
400,12.942093862121379,-1.040735319673669,-3.0557635035858257,0.880498962652303,helm
401,12.070031788238081,-1.3558773349660123,-2.7290963693527996,4.005502503910101,rivendale
402,-14.569970781668818,2.1517964621495986,3.954619028009436,-2.2107486144089536,helm
403,10.050121971879905,-0.8996989086428694,-2.3180102557575646,3.406241932865441,moria
404,-3.618153226307924,0.5137485701931429,0.762087310766911,-3.9358213752390574,moria
405,-13.258132989423858,1.4858715932043765,3.7140770299636308,4.7973870233718054,rivendale
406,-5.144537497999035,1.1109743612564338,1.1331249804992984,4.49131898645566,rivendale
407,-9.212659200038853,0.3089244109523811,2.3523384986059845,7.1657931558791965,helm
408,-17.251445041458865,1.7113007444435153,4.720000685557029,0.3134175861423886,tirith
409,-4.0011279991166635,0.4244400234856003,1.029476461652759,3.1200105978289634,tirith
410,-6.994907482919959,0.8041612971839378,1.583204146168295,-4.177720603047786,moria
411,5.210846909761154,-0.5379320572728885,-1.3116453276830562,0.2025326787775168,moria
412,-7.053521029675682,0.34902547039383075,1.5129924945045057,8.604218597368954,rivendale
413,-7.284937347112832,0.41960619806642036,1.7620971148964526,-3.6203624976331943,rivendale
414,-1.7486082617350385,0.35610269088227486,0.28394063174479456,0.6205494965528362,helm
415,-1.1605781068088128,0.9132333589755581,0.5948606815810271,-7.408415087897904,tirith
416,4.059804879913688,-1.3687380530381719,-1.268416241727085,0.8254408763506862,rivendale
417,-12.453437192867685,0.4841948844917069,2.769553319266447,1.2068664237688913,rivendale
418,7.196421982559398,-0.4837397763924835,-1.6245433075934184,-5.591987328797069,tirith
419,6.312586470408561,-1.044084488213529,-1.5419839292823763,1.9544151077671452,tirith
420,2.524871635284365,0.9270077222616446,-0.22848748960647436,0.443687154498678,rivendale
421,7.077065955479074,-0.5543783831816456,-1.3607892541767481,-4.382015503712393,rivendale
422,-5.405559716280003,0.08430204613282605,1.6258895927180812,2.3630708880996005,moria
423,-14.260087664791762,1.439082602410347,3.7020581297201773,3.4218161895426986,rivendale
424,-26.268645238277696,2.010681219570791,6.572186102156284,-7.651575332932024,helm
425,-4.20872733029393,0.17804953711648785,0.8957353917039956,-0.1492397574290849,rivendale
426,-5.131365796715157,-0.12224680333675897,1.5703567487087016,3.753890886692126,moria
427,12.185758117810229,-1.2811711182135264,-2.8005957876544114,-0.7752317211756927,helm
428,14.418173471659898,-0.9250228375656798,-3.4958864155745264,3.656188124519669,tirith
429,-0.944683823787598,-0.2751831245918771,0.26555491324702407,-5.842108375618665,helm
430,3.0783342465180867,-0.8534607889029961,-0.6738329851040412,8.315201331536194,moria
431,2.215549097636724,-0.5029692684189553,-0.9346211523913943,-4.63893861516048,rivendale
432,0.03495226146996816,-0.4761152800737561,0.10843317961794574,-4.910838918231791,moria
433,7.34232977834688,0.2796001068337279,-1.639974418652419,-0.3794859186761459,helm
434,6.651486977528016,-0.40943478022890883,-1.6815115538521432,3.503487901608133,tirith
435,-3.42334740040331,-0.04439303653283788,0.9493702827258022,1.3223443223408098,rivendale
436,-1.5518246148226784,0.33802272037382997,0.5352512639427175,-0.13794607162115247,tirith
437,-9.812332003765432,0.8141277221399854,2.0169813778778813,-0.928898442875493,rivendale
438,-4.42348010689313,0.3974484063696754,1.0731331241039164,2.427861406403048,rivendale
439,-0.42325058129731064,0.7021728739865082,0.4376753966653075,-2.8569130243563743,moria
440,-17.63949030326219,1.297473783093293,4.16656822881973,4.570940346246985,rivendale
441,11.083228504597729,-1.2980164797487512,-2.877580056668203,-0.10841066655591658,helm
442,8.342659893685253,-0.16635539149971118,-2.123915960630574,-1.8498860202863958,tirith
443,-4.5232786251030035,1.1252650095226384,1.7230130923549105,5.855000039503842,tirith
444,-5.266673739421742,0.7386206468015509,0.8633731379323665,-3.6639135282527966,moria
445,-9.114053908334327,1.0232172092989638,2.126041619459638,-1.430798977916477,moria
446,0.20211518627527303,-0.3002164245259662,-0.38903952341160497,-7.45377267095653,rivendale
447,-16.822127914980904,0.9686789050668415,4.121757571040199,-3.016908806916361,helm
448,-6.392361586244543,-0.28237961202412476,1.195331949980271,-4.156590849445423,tirith
449,15.027687699045185,-1.6417686131318456,-3.6916348646962667,2.5875254075241125,moria
450,-5.663806258808728,0.28618886611001654,1.8634916183014827,4.979707772323672,moria
451,-5.852210877623571,0.6161483915194882,1.6432617893678425,0.1450734472651467,rivendale
452,-1.4784163905982375,-0.3947714839474989,0.2502661851982376,-2.543480442797217,rivendale
453,-11.39076152671461,1.422789819486491,3.0927739714472655,1.6646479094191167,tirith
454,4.13431618841807,-0.6266931068692322,-1.048285225154872,-0.31249654541353644,moria
455,-2.1884094617587646,-0.4861705730546159,0.42526095655751817,1.9477993700103429,tirith
456,-14.689265105100976,2.425099674787192,3.324287939410641,-0.6574624573239838,helm
457,-6.8512468540859714,0.9711717165451235,1.812493045901393,-0.7164380575628421,helm
458,2.260565313409671,-0.3722625728785133,-0.6860274648988467,-3.5431627980300364,moria
459,3.4202341066809994,0.2795377340284971,-0.5325492881045052,3.5909421212129677,tirith
460,5.154381734907882,-0.3174836612964802,-1.4073965898809906,-2.1140408958992376,tirith
461,-9.074357446513309,1.4216071587819674,2.1939719436406704,-1.8835267103890792,rivendale
462,-11.170493791262825,0.05643796396627965,2.527990845268425,0.5095936310627796,tirith
463,2.306926363815954,-0.033785910294376165,-0.6882757857422545,1.3491270483045419,tirith
464,5.7853289948495545,-0.6553338733095658,-1.199199321643629,-2.2432677525909055,helm
465,-1.6709057872308526,-0.943613751064621,0.013849526053569372,0.3924655050192538,helm
466,-17.561830745291203,1.398547283856547,4.304313515593725,-2.6071710210055987,helm
467,5.832230100904208,-0.33873610191718223,-1.4556925988617868,-0.10781912271395377,tirith
468,-4.845822916053033,0.30886408271067856,1.2616407939714018,0.18428997267677638,helm
469,3.006793526513219,0.8271064150256362,0.038953071028381414,3.20168755559731,tirith
470,0.8554071022121794,1.1303192271116025,0.08276915222076386,-2.5694208454383967,tirith
471,3.22818372813993,-0.8456928087849459,-0.8710281331572644,4.887682467476699,moria
472,5.77625660624376,-0.645737746985862,-1.338445365286995,-0.4065112719643573,helm
473,15.479561008086934,-2.1004989320098164,-4.016570484755903,-4.077639468638818,helm
474,2.946767282538713,0.3279214264968786,-0.8441901227975177,-2.6320049012586466,moria
475,-2.513209909836803,-0.10030599754800626,0.2835156212771446,2.1947509605060347,moria
476,-9.359531493721056,1.3651006992607393,2.423386432772234,2.8982593925171036,moria
477,12.252992805522537,-0.277358924917724,-3.1067381927162074,-3.037703603995711,helm
478,-22.108476828722658,2.54374420144548,5.337899893510881,-0.0847349289004502,rivendale
479,-26.020607484521953,2.4713264233809733,6.768726344854805,3.5472899238210136,rivendale
480,-2.861849112447724,0.3697681875020655,0.7123525043693376,-2.085276805759728,tirith
481,-2.117068320375563,0.5765963015170223,0.5518427710326559,-4.009273089580761,moria
482,-0.9614421376956357,0.8060458844614061,0.583207486534655,-0.6145692886344856,tirith
483,3.8393211929804494,0.04578758154204532,-0.601011044701803,5.691991062292212,tirith
484,-2.1488696099062583,0.2542266292417751,0.5805071284501947,1.6806045447794686,moria
485,-3.1450209664582824,-0.6029461059585102,0.7839951002612953,0.6745762305712455,tirith
486,10.482961557937884,-1.3477566184759615,-2.5325272556149283,-1.345540253658033,helm
487,9.212274230468667,-0.39452043835654504,-2.4374835058304414,0.05204432168547313,helm
488,-20.771403819046565,3.1219040822177493,5.356278276552154,3.5693336912561273,helm
489,-4.0765086496439045,0.8274812284764866,0.736182481776822,-8.012190595807285,rivendale
490,-6.720149358769663,0.9980582020118001,1.7404635754587776,-1.3144884263450143,helm
491,20.0761525064714,-2.058829324941291,-4.5395923056803715,-1.9008030105008225,tirith
492,-9.355011074729434,1.7232435867970284,2.4314406339031613,3.032451829513744,rivendale
493,10.512873174421511,-1.3262959511757235,-3.1317191859233935,5.704815310126747,tirith
494,1.0974358529757617,-0.614702273563864,-0.25213934923176917,0.41269063393590844,helm
495,7.005148080060813,-1.3706715734654353,-1.9013093718724465,-1.1701077141001108,moria
496,6.670964685058243,-0.5176113531423333,-1.7443391308919138,-5.23161919835437,helm
497,3.230801679288456,-0.3876869730610428,-0.5505008133331544,-2.9972805844617763,moria
498,0.8401056114862687,-0.9946608108427838,-0.3503943038798458,3.007918405445838,tirith
499,-7.672980704499725,0.9371685393003768,1.8779911647550978,-0.09165030077511904,rivendale
500,0.12671445024823957,0.1760425473450019,0.22806251313847758,1.45163614814081,rivendale
501,-18.10018176191815,1.7623303252142806,4.566743765170226,-1.3248125514125142,helm
502,-10.306586174511962,1.3883522973689812,2.906918214887568,2.0011882433326087,rivendale
503,-1.0791587631751944,0.01913730374825573,0.619907793749214,0.37904714228634195,moria
504,-1.2495686953312988,-0.6177765017680072,0.48536043748362934,-2.2761854672090935,tirith
505,-20.45973219297031,2.3524810097429905,4.982052704090518,-2.8601101953692605,helm
506,-6.587983646564783,1.7146721045142719,1.6678765133637878,-0.05174574739218854,helm
507,-13.340529102109034,1.4599139386939237,3.313480231093856,3.4411738286614058,helm
508,6.562832346747815,-1.734765175455633,-1.7123008496422132,-2.22839037413218,rivendale
509,-1.691449607871011,-0.16479581736441196,0.2963434952303532,2.417538103516313,tirith
510,-7.5512097999047505,1.0444092266663723,2.473601198339224,-4.915241729918795,helm
511,-19.42998422166316,1.93895015558377,5.152231400149593,1.3190119016510047,tirith
512,11.245040009063018,-0.6245973303233838,-2.3719131191754954,0.13096289508317294,moria
513,-1.659843977755783,0.5147155607992799,0.27248928152261387,3.374471705304573,moria
514,8.589614767941029,-0.92334575144437,-2.2211803027301813,7.3874643812059855,rivendale
515,-5.850339562394265,1.2561572499862121,1.4520304758053206,3.842083470554843,rivendale
516,5.328559868770516,-0.19246434936451517,-0.7223415620955838,-0.9679003113300171,helm
517,7.911715127156976,-0.9855397171209035,-2.10104760912022,3.9745718861310966,helm
518,-4.032590298748154,1.0105500148855775,1.195396651673482,1.5333474205790973,helm
519,-5.1125138535115,0.4543852632307554,1.1442331843578308,1.5401270613642577,helm
520,0.07548223302956819,-0.33813630106801673,0.07003151830080279,-0.9333658156184961,moria
521,-3.107902552009398,0.35300441342999117,0.8803883198913409,2.879097454809305,moria
522,-0.19710743612654597,-0.4615767882403255,0.039890551910547134,0.7496820980698378,moria
523,0.4174263679857855,0.4485683862490022,0.13647076554372584,3.9511707417655004,rivendale
524,0.5701840592177587,-0.5754065961612616,-0.08591375022918557,2.594931596065676,rivendale
525,20.13886096459395,-1.6762017350211462,-4.791598601234509,0.6545162629159649,helm
526,-1.129842790693839,0.1578949494302418,0.1551237581236137,-1.3053062561047508,moria
527,3.9149771125029154,-0.5637323938712925,-0.6166343048939777,-2.574856481385498,tirith
528,12.982082649327834,-1.3219986633357528,-3.0746199365098303,3.588007951291506,tirith
529,16.522735248347043,-2.054026305934884,-4.351110674436602,-0.370990064634987,helm
530,9.33847569561089,-0.36095306446370556,-2.132254657591654,0.050245609496136545,tirith
531,-20.736103295315758,2.630392099175886,5.025264161950635,1.18159300993687,rivendale
532,2.0291981610425034,-0.5806115922721454,-0.4266895132994325,2.4385562019712124,moria
533,10.280205499754741,-1.1786638248501788,-2.5701160545330444,3.609165681907313,helm
534,-20.265120918099342,2.160059756079944,4.857594360954407,-0.42638908037327217,helm
535,10.53891862571218,-1.0253709619887736,-2.595360737309574,3.9614829180502635,rivendale
536,-9.533410048839484,0.8524989079911699,2.5384193729852185,2.513755250038221,tirith
537,3.306806307685015,-0.14659689937820763,-0.22776439466425902,1.5922147777438094,rivendale
538,-26.453834226433493,3.4321762809765772,6.5964768215509775,1.3645355717780245,rivendale
539,-10.627396455399442,1.8517326309264293,3.0966631090720727,-7.793610585737673,helm
540,-7.562598367763425,1.1877674582036133,1.7544505695385646,5.882146523283411,helm
541,12.470998515662176,-1.6379245074381528,-2.5891114317369146,0.3130122141948837,helm
542,2.3436321227790766,0.05094774820280101,-0.7093223437522403,0.9532365227750633,tirith
543,-9.242123805897855,1.1197814650756204,2.6003623140196828,3.5870547775864177,helm
544,11.48612408530582,-1.358167130399956,-3.1426564726961566,2.334424487556997,helm
545,-1.0679188004332905,0.7168793748008204,0.2022765308656007,0.05965893033254166,helm
546,1.851075665396651,-0.6998601214547788,-0.3341241630169449,-7.875729688468688,helm
547,-1.4338297757162453,0.1964881308882599,0.48762820882159896,2.8893121090608425,tirith
548,2.122673550365545,0.08948555036715772,-0.34856692595928485,-0.3734691681006317,rivendale
549,-4.597137788153563,0.019102925083112454,1.356245383078916,-0.611392327227672,helm
550,4.4064216033526575,-0.051684185064992644,-0.9511428491311968,3.938600199299471,rivendale
551,-4.465550627400769,0.47721338419916337,1.1118725386318349,-0.10986639244907796,tirith
552,0.6731763252854029,-0.562528152650054,-0.315497498876664,-2.3303246129762223,rivendale
553,-10.598893529833596,0.805138676897038,2.499958455347634,-0.6728432825447053,rivendale
554,-26.684069726838878,2.2183757287541703,6.606438930138961,-1.3537278711682001,rivendale
555,-11.90025724068923,0.401410204179,3.049432164195657,0.3925526707367785,rivendale
556,-0.09503600979892246,-0.13044748703667242,-0.04100547540434715,3.56467982142702,rivendale
557,27.87579342712258,-2.5876923820538815,-6.974746418632832,1.1332826107953955,helm
558,10.829716321095063,-1.0005689211657032,-2.7092482155406916,2.5865395080349374,tirith
559,5.328402621417158,-0.07069196960410395,-1.0906516057558975,-2.035636364431772,moria
560,-6.722075725210563,0.8555175711273441,1.5879803173975575,-1.742003682540341,tirith
561,15.088283131763996,-0.9197941439470405,-3.6326882608521256,-2.1387910560702017,tirith
562,21.57317521604824,-2.282929155311124,-5.170447121230049,5.121466028924791,rivendale
563,-6.240396647208618,0.585724297689102,1.4456260106362908,-1.2922520568321798,moria
564,-20.30435542164254,2.0727741169466904,4.464157753989612,-3.3171311323992074,moria
565,9.011932531636248,-1.684686126372019,-2.4207524751996914,2.6609559727874847,moria
566,-15.799937157555144,1.6982677448324486,3.9341912973021733,-1.0471281366723384,moria
567,-16.565236613071992,1.1363944251801035,3.8889945422272074,-3.7474052138800316,helm
568,-33.52507331190031,3.3413684875427836,8.465922915336613,1.4360666255852244,moria
569,14.010661439565277,-2.027288604209577,-3.085963503673912,-4.196985432990782,helm
570,26.73805968218278,-2.2743489554622527,-6.645917999714957,1.5065204815323163,tirith
571,19.56484163110851,-2.0607442918650674,-4.4807714490984765,0.7886548377796133,moria
572,-10.53895120743411,0.7137069058515666,2.97933846096606,-0.8026632737033943,helm
573,-12.028060544341477,1.6460626902104016,2.9497850202619817,-0.7364589282972125,helm
574,5.144870318686347,-1.1324917959290024,-1.6886156218154194,2.377431079878699,tirith
575,-9.210189864723068,0.636228574708262,2.020784878689132,1.2084758225892813,moria
576,10.189275409982113,-1.853862117249804,-2.644377768329494,-1.984416300499106,helm
577,-10.027467569124303,0.8690983575646571,2.240225495270037,-2.769150448240623,helm
578,-9.489065965151429,2.005965568641431,2.815745490599614,-1.3940546533336362,moria
579,-15.624536906279161,1.5457178061200934,4.094123526285326,7.326494539245147,rivendale
580,14.333633131140068,-0.9994186817080266,-3.570486975029823,3.3447368938545874,tirith
581,-6.6471287031536805,0.4765549836315686,1.3344257146157716,0.23871804808879468,rivendale
582,5.506450915816172,-0.30806431921463906,-1.0684948063073976,-3.458445318216543,tirith
583,-3.4220392840733407,0.04058671614461659,0.9905563331865632,-0.7144376605586713,tirith
584,-1.1922829530712216,-0.14422128615293267,0.3562580270485468,-3.6711082657543255,tirith
585,16.297009280139218,-1.8026962213454647,-4.19144228458293,-0.8902142646963926,rivendale
586,-7.471640838679894,0.736503029528606,1.7575747122099186,-2.5564042547853747,helm
587,4.981326929220866,-0.586358716485007,-1.6108680247849858,2.836086915217645,rivendale
588,1.8259293650407737,1.4566146487074167,-0.2853647952023959,-2.713684749384919,tirith
589,5.849199008021044,-1.144145452637673,-1.059884164643342,4.355995100038864,tirith
590,-7.307660746650304,1.550572831574383,1.3804412548787208,3.9932456425499874,tirith
591,0.9937112186409575,-0.5340133995997325,-0.46111817488059836,-10.361723855120072,tirith
592,19.000757800754243,-2.599875241717358,-5.060957380367412,1.2345452498997356,helm
593,12.404489768132,-0.7721506201368311,-2.814693623558302,-1.8080998414537497,moria
594,-8.565250267220366,0.7594242068956718,2.2598054839762165,-6.2345983506107485,moria
595,17.537826490150835,-1.3392693089741594,-4.320046862342581,-1.3644871924524435,helm
596,15.701064567971656,-1.9611181893723928,-3.9817364152904933,2.469086175290401,helm
597,-17.718791219186855,1.0243223152564815,4.644158835287124,0.5680167279642133,rivendale
598,0.5355773807316078,0.5144145090430775,0.04731925839013207,1.3153719588032218,moria
599,-11.847541425630915,0.9562168890698053,2.9336984844560114,1.717606094939576,tirith
600,4.108098574764615,-0.39354351741118176,-1.7608582937976274,1.3592341122028426,helm
601,-5.720152411802576,0.6419397774657657,1.35239082791269,-0.9537743862567492,helm
602,12.654659682582773,-0.954694208418507,-3.0432302294941334,-4.756336273883514,rivendale
603,-4.915185230077515,1.5308137030931848,1.3935859232634211,-5.33019107293042,tirith
604,17.34362017119342,-1.9866110257706149,-4.565956679867212,1.3352030784423938,rivendale
605,20.08059802132792,-2.4236257527633014,-5.116841164558963,0.5241714681303411,moria
606,2.5976364903724645,-0.43470441115254876,-0.5040068357251308,-2.770559971195827,helm
607,3.80789101036989,-0.13092073762217604,-0.9305492774309672,0.8829930440824205,tirith
608,1.2192660560921602,-0.25927105753080615,-0.5279143421412705,0.014491473887932815,rivendale
609,6.515981737856676,0.11958350532868922,-1.2544467362523861,6.465565765246179,tirith
610,-3.3618555877673186,-0.322215098669903,0.9647841463907681,-1.7383580302140913,helm
611,16.883142645802714,-1.9117097362156736,-4.042081093733529,3.362574653555437,moria
612,9.586130533640043,-1.2765738882682,-2.564898845633875,0.44482899686468935,tirith
613,-2.690499872984918,0.7503455527611643,0.7633892130656906,-0.5976320385423737,tirith
614,0.08041001853046259,-0.531164056392326,0.032974140151763365,-1.7507213524849887,helm
615,-1.4116538061896755,0.2879027809173422,0.763201591599292,-0.6921914666568918,moria
616,5.717426900238371,0.6512169936867076,-1.7102527234017626,-1.791365400739274,moria
617,-7.911287511255527,1.3270689405112166,1.9699469440056054,5.357691282223929,rivendale
618,3.0683029859638453,0.03428501089161462,-0.7700451603115422,-5.06880274449972,tirith
619,4.744934495699693,0.2327337868451823,-1.0978986287022598,2.0596497097457345,helm
620,17.887729584901393,-2.2468134308309544,-4.729998080869733,0.9033673143667723,rivendale
621,-4.078918862529138,0.3623358968428486,1.2766420603874253,-2.2027230172172905,tirith
622,-9.930334599112724,0.28977471028782187,2.279024279901801,3.857209748943573,tirith
623,-27.435142044156972,2.8316564398758333,6.573821338413978,1.8027394951301072,tirith
624,-11.38677226601556,1.3497996357322386,2.6339661971030273,6.40011161917968,tirith
625,15.947077937875541,-2.1106853350949275,-3.671023039014927,0.733900264060631,tirith
626,-13.154331200601877,1.5837701298923754,2.7503325906081635,-0.4043265185881517,tirith
627,4.909103873173222,-1.0367341920960769,-1.355763825544483,3.7087286630123364,moria
628,6.105130390198013,0.1731064553516367,-1.349109792371458,1.1026641057126159,moria
629,4.6709775763728505,0.9160782970215691,-0.6637403787968448,0.5164352892975332,helm
630,-2.006165114603266,-0.5290297419183682,0.41978314445695997,-2.659271293578984,rivendale
631,4.209427949391236,-0.38323692892709194,-1.1034552065857304,-0.8906393798236774,helm
632,-11.721557252907303,1.168260734150337,2.9423334416624716,1.0913893114575737,rivendale
633,-24.999233539170316,2.969277604963895,5.923037609239703,-4.852560026240528,tirith
634,0.06704648178813105,-0.643537527662712,-0.08832898300715897,-0.8797386239132977,moria
635,-16.907705730053802,2.4551073016537144,4.141233811316523,0.31569215397653105,rivendale
636,-9.307312402607304,1.1937101679035724,2.0818726295184766,-5.582323841741966,tirith
637,9.052652670326955,-1.4420384792158052,-2.1174429352942328,3.9488734730423145,helm
638,8.046755457177609,-0.4099590438277648,-2.030033644074712,-8.657228740832524,rivendale
639,3.034635333903341,0.3883357097019904,-0.8511896081781618,-0.47837160032767956,moria
640,21.65323862772565,-2.0772657496553437,-5.624779563636006,4.934471415586532,moria
641,-3.0685164802651124,0.1790064574828344,0.9743618582565038,0.27634141056647277,rivendale
642,-8.813685297119271,0.8987066808928901,1.9594303897264118,-0.9509400741447461,helm
643,-4.352193357934641,0.4078134489711255,1.1368370721414331,-2.327740824227938,tirith
644,-2.5523415877182525,0.30879297797390715,0.7190265194927034,1.3875467358486613,helm
645,2.657748666236349,-0.6012782714047709,-0.9762064646534995,-1.6180776829535397,rivendale
646,-4.481391510260935,0.6898086012374782,0.7847799612541722,-0.08310899061549804,moria
647,3.971956246823326,-0.7741447240576909,-1.0505689156641922,4.239691579162743,moria
648,-3.7884826767195037,0.8652556542499021,1.1151389702393288,-3.5906317429192263,moria
649,8.438986816506514,-1.0033682965690922,-2.340953517975094,2.682166991540084,rivendale
650,1.849866796936697,-0.836484760620104,-0.824241343400067,-3.1237824111805907,tirith
651,-5.851551859793601,0.9954779198663981,1.3844691341619104,-2.5424819698300123,rivendale
652,-0.7776185249952128,1.2324453983802646,0.04249927715809809,-0.9563779776520474,tirith
653,8.67368274849127,-1.2053968887213706,-2.467579635816822,3.9300313670898417,helm
654,2.0348391553444674,-0.2508477854253526,-0.4987004276189292,1.8557766814629195,rivendale
655,-19.33446501611772,2.4967980616561163,4.9143064990980605,-0.18991424570938786,helm
656,-10.747205042999862,1.015664433685527,2.3682728238063033,0.6865828054226579,helm
657,19.23626077223375,-1.634408041391331,-4.7010359607663545,-0.47408953364357065,tirith
658,-6.136555544729095,1.113457720729584,1.438103479952713,5.293294741872155,helm
659,5.471412462805868,-0.7617769048563855,-1.2563111657125052,2.604075413070041,tirith
660,4.163384952993669,-1.2330152051847167,-1.0723852469223714,0.11082466087553366,helm
661,4.050835081732882,0.030514852360541578,-0.982123428529862,0.7026828065860706,rivendale
662,7.183794348779064,-1.1117343599239358,-1.4405974217563866,5.617738990918848,rivendale
663,-0.5772581094374444,0.4953479462775603,0.06424401161737137,0.05962796219533528,tirith
664,0.8973273077232596,0.7597220698690893,-0.002015467137817639,-2.9848191819016368,moria
665,-1.2327512623542964,0.17824301514038288,0.1612381559688864,4.266286997991688,helm
666,9.045829145213785,-0.7074251491871449,-1.5877253184952786,0.5555636080331137,helm
667,20.66534187422395,-1.4844718239403212,-4.975544917755519,-3.1392709282241706,moria
668,4.27745644850094,-0.5169962334092946,-1.0747493202477139,-3.962328073808962,tirith
669,-6.030440847267323,1.5748879588118831,1.7100060339979353,-2.7755126752522985,rivendale
670,-19.368365686091387,2.7394308223448145,4.641954418331968,-0.8185527576856924,tirith
671,-5.768599952812967,0.9903976722219399,1.6571745791108312,-4.317592988282561,rivendale
672,-8.604980416412179,0.5325145801504784,1.8130620764221022,-0.18651128111841686,helm
673,-10.145059625198593,1.0643335743277922,2.778944463239544,0.6953180280668148,rivendale
674,6.2928384412682945,-0.900014127453968,-1.2976170637898816,-6.272707917811182,moria
675,-9.384060029692062,0.8010509318563208,2.4923554794460823,-4.4854775720889695,rivendale
676,6.46409290327787,-1.1876801838904212,-1.6382652195398313,5.271302098095208,rivendale
677,1.8745978108594534,-0.2991594701056326,-0.27382866192590644,-0.1970015711417492,rivendale
678,-11.490126546482134,1.4223577412618895,2.6884649117647617,5.161083760382404,moria
679,13.94955270039045,-1.4080780412377183,-3.573804411792282,-3.7162456747961543,helm
680,-5.9211509447443325,0.6186218704531465,1.4445688805858157,0.7106623567770345,moria
681,7.455021470817075,0.4474942155759571,-1.0978705760698344,-0.005983737047172977,tirith
682,-11.743277242102561,1.2918091855994898,2.6790974099421256,2.1757874919321134,tirith
683,-11.112167093861508,0.9095553617041549,2.7287767747990155,-1.9146896574261476,moria
684,5.569341415410363,-0.3177309818099491,-1.4854934333480367,-3.5267967003410883,helm
685,1.8423467303543726,-0.2746185319985085,-0.7599097900088114,2.0088427143327827,tirith
686,20.954305386927714,-1.0880092697807298,-5.369538594788763,1.5011089550282306,rivendale
687,5.721568320841852,-1.0975545987529813,-1.379976899225042,-0.7663291925780149,rivendale
688,6.761133691363547,-0.752892342767606,-2.095427901403686,-4.5197195929392295,rivendale
689,-8.468295823732381,1.2730711164173145,1.9588543950179114,-1.7971864679711176,tirith
690,-4.97277237355733,1.3442202807588395,0.7859892845736602,-2.2340155391951395,tirith
691,-1.9275694330844368,0.18351139477314615,0.3433351630222257,-2.4752321574473495,helm
692,-2.467915381861141,0.33073592196684304,0.8071272456383,1.056634257925949,helm
693,-2.582398255700153,0.31020646509450894,0.29596181265362004,1.8463834350575237,tirith
694,-7.5803182603446855,1.1491701306874744,1.4950972187482803,0.17755252759544538,tirith
695,14.37495464830846,-1.139376950854912,-3.239954858114348,5.114572234655774,moria
696,-4.999580481617382,0.49374902921861263,1.0655787893066389,3.2708124289617704,tirith
697,10.919568973331504,-0.8927118778295904,-2.090854302535215,2.0270262601738915,helm
698,-0.8812779221875442,-0.6034262952484444,0.3851996863428009,0.9149214718104006,helm
699,-7.337266380820842,0.9548530740554622,2.015940915681745,-0.9094848934341824,helm
700,6.593047278148172,-1.394382283844961,-1.850551084289236,-0.6870918323811508,tirith
701,9.468318108906615,-1.4973035375912271,-2.6306024900265483,2.03656552249571,helm
702,5.627829357769995,-0.303111679262627,-1.2842462342297287,-8.903027694504143,rivendale
703,4.669034153182027,-1.157700229588058,-1.5000856250482035,4.568415843526916,rivendale
704,12.49889350539574,-1.1881297105771116,-3.1085431431563935,1.1018178287184088,helm
705,19.199701020626723,-1.4814959320574874,-4.914080585976013,-0.7407442272258253,rivendale
706,-10.563969090473993,0.8395566295344102,2.5827251233884434,-2.0339156684577717,rivendale
707,-7.316201142407239,0.8399222473457215,1.7429742565235706,3.249841993391758,rivendale
708,0.9555536785194807,0.954710103774714,-0.27368622818402,0.34584843317162095,tirith
709,-6.548335524590516,0.8341353950832853,1.227141128329892,-1.2473282792072828,tirith
710,-0.4881211308076409,-0.07743450521276729,0.23418541325931413,-0.19201077867366267,moria
711,10.550626089974504,-1.1973309772189697,-3.2015598007667228,0.6666156311951603,rivendale
712,-12.609131622543869,1.8317816561859113,3.25250066684799,-1.2810970527081968,rivendale
713,-1.3549603635246703,0.11834289035366333,0.41935711332845504,1.5637541244770212,helm
714,7.378902915743854,-1.379002240558596,-1.8437840294376082,-3.5093976346655955,helm
715,6.599391618753454,-0.9837238413076619,-1.7703315698853288,2.5295585292977885,moria
716,9.538645921259644,-1.8592175934120378,-2.1327265140780662,-1.5884617433165331,helm
717,-3.9452111193966855,0.12185137547470803,1.0903610560148076,-1.2313542161074638,rivendale
718,-2.8310955568595926,1.0796386017955675,1.1017930555562843,-1.848855608053475,moria
719,1.7230556369336056,-0.6559457221401661,-0.18371946726474508,1.7843911562059889,moria
720,10.44384343149278,-1.0772203544884675,-2.4074318090566353,-5.837249232613932,helm
721,-1.8960475557623908,0.29578188197688265,0.5397917663349039,3.5103371626089244,moria
722,-1.5650452953265261,-0.2538578862165955,0.3522246246014007,0.7171780027970175,rivendale
723,-20.24223861204273,1.5690370748926332,5.039179950143565,4.350904460628873,tirith
724,-10.131939725172195,1.1924991043891524,2.2643625625761725,-3.5042076448349575,rivendale
725,2.111144428283656,-0.0844864210691863,-0.13665204393457325,-0.27606022580572276,helm
726,1.5500318688245853,0.06206942494372797,-0.010835544618796517,5.069660861652666,tirith
727,-0.24283582965317158,0.14255069919089758,-0.03704787822842104,6.582381540882184,moria
728,8.878783951303804,0.02913625807799558,-1.9717583996804524,4.021339457073406,rivendale
729,0.7037013983751699,-0.22859803980368876,-0.16824668276397475,-0.614261653755982,rivendale
730,-19.449054317781325,2.677890820513523,4.98142821437855,-0.10392377860470803,helm
731,-5.114243846459451,0.7482007751836997,1.4022162798592204,-0.6225940158259295,helm
732,-7.9319328350859415,0.932804535194921,2.2052449259502396,-5.068433839102873,tirith
733,3.958282088254043,-0.2981613995146621,-1.7657899230355794,-4.664565012457054,helm
734,7.969669304771746,0.3035449014003336,-1.769206118429353,-2.814082646031677,moria
735,18.594997114028434,-1.3570715440643983,-4.6007368016008945,0.6028172441454316,rivendale
736,1.5326903843583928,0.041617871466302914,0.3104923679521875,-0.749460678657927,rivendale
737,-6.811392744060939,0.7213992924670743,1.266036602825063,-0.26428071950662124,helm
738,18.235922096920003,-1.8548396294654685,-4.1648563151651565,-2.2760690627383093,tirith
739,2.668684936289144,-0.2519026102510703,-0.4371598280268972,-5.205321938364736,moria
740,-13.093032797446028,1.1712825068776485,3.2605798426646597,6.135474069102228,helm
741,9.570556785711489,-1.3923008995082147,-2.1570443344091084,1.8467479024237896,helm
742,-0.6110134435831375,0.6321734125432408,0.09410603229069481,-0.7066763209668163,moria
743,0.12330216203132993,0.19395718203025314,-0.029700140342040438,7.245105103004725,helm
744,-5.165083172267294,-0.00019074157993914653,1.0708508885504398,0.929341341541777,moria
745,-2.037716470411641,0.7665284023310515,0.3452434486029512,0.7939459120189543,rivendale
746,2.2548389763863437,-0.7615385996219626,-0.21939323813138234,-0.5234535990456003,rivendale
747,-0.7565848678543111,0.12447214491216163,0.3709380263030943,0.03264224655917447,helm
748,12.533418110695582,-0.8544424842635753,-3.34689334573879,0.7493558691411222,helm
749,-5.577230692898429,0.4507177652032629,1.3690471438945524,2.17022448324652,moria
750,10.2234234409792,-0.5578942910220157,-2.1919409504353133,-0.7223249703175127,moria
751,-3.221917742258291,0.10190579421811696,0.9411222947951143,-3.4498262050871604,tirith
752,-20.04021375966258,1.7054211788154636,5.0409281972604365,-3.3962204094236528,helm
753,5.238014408183438,-0.6401723357976048,-1.3195621454802702,0.974794327950629,helm
754,16.530222601149312,-1.8616635875225112,-4.1147878568489435,-2.333002127037536,moria
755,5.65262272473489,-0.6752209243757681,-1.4125712066739666,1.9470214403267754,rivendale
756,1.2166765958789338,0.24997460943416405,0.009101495085112987,4.472549582912166,helm
757,17.926148440264786,-1.7344003870942655,-4.636506058942339,-2.5848885405274493,moria
758,-0.7900462614778658,-0.30878782734634647,0.12517632558470182,-3.90352660619795,moria
759,7.02373417670819,-0.5987168765896427,-2.120966911326214,-2.8764608714647366,moria
760,15.311324418699625,-1.2345779005482453,-3.5249808934227502,-0.45691777949915413,helm
761,-3.6945764129545484,-0.2293652175846892,1.277851747684109,2.099216371923167,moria
762,-3.243728769105453,-0.1514726191161766,0.7323549685548769,-0.21989940780108616,tirith
763,14.46051291785744,-1.45573425259786,-3.534876698688616,-3.7717192549384353,tirith
764,11.62871560117081,-0.903992634994024,-2.5417300417458826,3.291294410010975,rivendale
765,7.099031572035199,-1.1066943596495902,-1.8168303701142774,-1.112111351125497,helm
766,-13.166599111111275,1.7235674480266296,3.3871119601804036,-0.4295366713390302,rivendale
767,26.0191863793926,-2.261697904048983,-6.141769744885682,3.950995711092099,tirith
768,10.711106778620797,-1.225060684133024,-2.3714261356099997,0.15664726189317757,rivendale
769,-1.8960161185519437,-0.28591491347219133,0.23075698491908025,1.0152063145377717,rivendale
770,14.999042018584863,-1.5468870720510295,-3.993356028288292,1.6462326932937927,moria
771,-11.130086150829202,0.7706882043206562,2.7272289407346224,-1.3925498338105278,moria
772,-0.024286415427582253,0.5930027653715044,0.1819819230008175,-4.330293896872749,moria
773,10.754722669833027,-0.7458249121548142,-3.26081135258433,0.1083585082591354,helm
774,10.726375376641949,-0.9327705840632566,-2.5043026786875346,-0.5368507330364489,rivendale
775,-4.048945330640971,0.3217348954646172,1.172952314356095,2.7920682097067804,rivendale
776,6.927244768315097,-0.7628151730781512,-2.0611627296847983,0.1970966066440969,helm
777,12.1813189099848,-1.0979689795622805,-2.47768293040315,3.4166377053974326,rivendale
778,8.820734207204847,-1.6850854400204465,-2.192395682722243,-0.9993003492830739,tirith
779,16.101521625155524,-2.1538295025713645,-3.9707399314119645,6.395797735196769,rivendale
780,14.648422056701772,-1.71431156464695,-3.237177733010046,2.251196334511973,rivendale
781,6.598410938624072,-0.43260409822983137,-1.2177901000921048,-1.293120075933221,tirith
782,11.329802998490958,-0.4835358458987407,-2.9513607598643854,-1.51202487943956,tirith
783,8.197904833438098,-1.073051268766348,-2.2976186548539523,4.205442984438172,rivendale
784,-10.14150411811171,2.2870267433528775,2.9384332537137956,1.518338312268103,moria
785,-1.3955654733122682,0.056743918151936426,0.5663518002402615,4.535303976198065,helm
786,10.740429093106522,-1.1208929011275521,-3.162465787392268,-1.5149303246019408,tirith
787,-17.546966736732927,1.3077853440530374,4.285277855537218,3.2809342893555806,moria
788,-2.4706213977364966,-0.6231291132049762,0.15354427987327113,-3.7744038001567244,tirith
789,-4.107295132044,0.7755335800961715,0.9456762122559845,-4.437229368994969,tirith
790,12.687855459832347,-1.0195820583844668,-3.402723785068784,-3.5416986017662726,tirith
791,10.16597335553933,-0.9242334372448648,-2.1675188550734803,4.438784835689914,moria
792,-13.244063871425187,1.1951169021651975,3.430060225794222,2.1246642314538366,moria
793,-2.532065274711229,-0.020170058568948046,0.3525059423543829,0.14345417086234025,tirith
794,-10.702263186067464,0.8978255442593416,2.5857158578661066,-1.5976120941127054,tirith
795,-1.9959619176509285,-1.3633908431814417,0.41023836281063364,-1.6908109619799818,tirith
796,-2.983594436746535,0.14190488309698357,1.0279646603667956,0.4334719382684509,tirith
797,11.588173016810801,-0.9644871791899892,-2.7116769025669702,-1.3290898299553107,moria
798,-2.0850739906620603,0.1390304054720757,0.18217443167100233,-0.5291242802738556,helm
799,-3.3913759333467626,0.814075952581012,0.7007558974671293,-1.3930030668042788,rivendale
800,1.3409533680261496,-0.23923687333716792,-0.6965942531780904,-0.2967447907977638,moria
801,-11.582001022248548,0.8152656697041845,2.6559109996289365,-1.264982722286291,moria
802,0.9240370022827018,-0.329450638823616,-0.4363579537163302,3.699194443388878,helm
803,-26.072263804690156,2.4109200856656945,6.339430992862167,1.4131574333474715,moria
804,-14.667105511796649,1.4647451244919216,3.971700686980498,3.093695709962919,moria
805,11.620812058841958,-0.8483021961692953,-2.5399137503550255,-3.730393341058093,moria
806,4.347548481953725,-0.4690488475354625,-0.9141350394311504,2.0850890143915217,tirith
807,10.87165726325553,-1.0958041098117923,-3.1613541629384243,1.4609926441255743,rivendale
808,-12.839494762264986,2.0233488405083713,3.160194961196402,-1.1081761240292418,tirith
809,-1.0616986147389262,0.8170162373605547,0.6786279910869294,-1.8449077574157002,tirith
810,4.55624227430896,-0.06744387813613295,-1.2160991342428802,3.4445951561567822,tirith
811,-1.883275174980907,-0.5106064433108669,0.4938751408702482,-0.08479384909237098,tirith
812,-8.521097054670372,0.9794847243810975,1.8377737582158007,0.47448947726719193,moria
813,12.892383056264826,-1.1853327301206855,-3.3418342635420917,1.098415566315041,rivendale
814,5.698421763957808,-0.9357780221554466,-1.2183142536826157,1.0621535623420342,moria
815,9.412766819386142,-1.514156046101715,-2.0385867317993056,-0.8771778463152915,tirith
816,-20.18807936565757,2.3304078317478027,5.349756385345977,1.1046915359071807,moria
817,13.135898799324767,-1.2539811066935804,-2.8216174237658436,-0.29664855584223315,rivendale
818,11.922347646976334,-1.0576475339403193,-3.2248985614061674,-1.2814512855433686,tirith
819,-3.0235449262896963,0.6904189517990164,0.7258798525007756,-6.008286447201301,helm
820,7.954252136536303,-1.0192739837066518,-1.8498405059607532,-1.162964141530577,moria
821,8.433741396784873,-1.2208449338653504,-2.165980481968974,9.316279410014722,moria
822,5.068890651857252,-0.4249139871762776,-0.7774035478180219,-3.431086300765277,tirith
823,-10.014507887690026,0.43274239311370555,2.2721103336250312,-0.6908464995704157,tirith
824,-13.858294300903385,1.1633699890823472,3.664384194923029,-1.5569848222338556,moria
825,-9.796366929257491,1.165332868908496,2.486443543333961,-3.072479806289262,moria
826,-7.305040329799216,0.22980000111347487,1.6905448341800347,1.3478989890962843,moria
827,-12.833737643227913,1.9562248951810353,3.496836274950024,-3.2176712488447596,moria
828,9.018197728906944,-1.0585043194214974,-1.4732422549801094,3.609134846576623,moria
829,4.79013839342221,-0.9648052098299338,-1.1392679220589237,4.895128202619636,rivendale
830,9.205921602341864,-1.0423594725726555,-2.0940390784212064,3.562562043330682,helm
831,-6.8517728797273945,0.20887340115379305,1.6199802603561215,0.30569313276944565,moria
832,6.1130028608494325,-0.9973653179720697,-1.6647181942156632,-0.6994669166869978,tirith
833,5.978026801322276,-1.0000882049358164,-1.394624479346372,-5.5989448502873955,rivendale
834,6.475560773224542,-0.7711984558435598,-1.3156024762097729,3.1906335846220477,rivendale
835,11.86707719654966,-1.4761162230229457,-2.7015262366370987,-2.558707690884046,rivendale
836,-8.417247296876887,1.2482763463942992,2.044680779362229,0.18342051835568962,tirith
837,3.1771639599173476,0.23324206199000305,-0.6994248349645784,1.2743908915805306,moria
838,-3.212469579224888,0.046076660036017625,1.419918756307317,-1.4035824414085625,helm
839,-17.082858690143972,1.8591901141364264,4.32473883232102,-1.6010719673857103,tirith
840,-3.6975163225804133,0.6180402164870873,1.164396831465695,-6.366890125637229,helm
841,-12.701186926587194,1.2662691256034428,3.028912804714968,0.5410908926618732,rivendale
842,-6.214041162237425,0.5934198794165451,1.6981516051200172,-0.4024005548162508,helm
843,11.356338035398041,-0.25816425518259045,-3.013485837914677,-3.2676673545344386,rivendale
844,-12.462734904189668,2.2232838089738056,2.838996904450184,-2.2333092465279667,moria
845,-6.81237845655258,0.6274242854365678,1.2153458629249263,-2.212082263850876,tirith
846,-1.9084905879598333,0.3595041680900821,0.4500471735984211,0.06671911615411541,tirith
847,11.876215522691606,-1.515123962146007,-2.738624042215269,-3.903181773066625,moria
848,-8.682970670522533,1.951856191493896,2.444032483311127,2.0420365214878835,rivendale
849,0.9036473060201888,-0.359851981739129,-0.04111766319176913,-4.994033048714873,rivendale
850,-3.00191349883138,1.3854354842755878,0.8135843296785836,3.1324010442464303,rivendale
851,-2.343075195190819,-0.4251934083450614,0.5137440569818769,-3.525706872319301,rivendale
852,-14.161150656746877,2.648550493433668,3.14630667737447,-1.7583307534149728,helm
853,25.34959573428157,-2.9255534873539677,-6.36859006387457,-3.006446046740269,tirith
854,12.873464116456919,-1.4208003653123171,-2.8378019667750465,-4.112597425734347,rivendale
855,-10.939212548193707,1.133885767476933,2.566114724084449,-0.6296663658665778,rivendale
856,17.015564300348398,-2.07939142519903,-3.609507044851426,-0.3825265145453116,helm
857,-1.7710844706933164,0.870914460580319,0.22063030520847926,-4.64680116389111,moria
858,-10.231107017944904,1.034637816934519,2.267208763206017,-2.843658704191748,helm
859,-1.1623734863431856,-0.70645223971078,0.07356997403391907,-7.330412071291132,rivendale
860,11.397052135281491,-1.1743493312250821,-2.681006304407021,2.723727375957074,rivendale
861,11.115821989975347,-0.45972652348245224,-2.4165797217999176,-3.233730002468658,moria
862,23.288469113714793,-2.259495080586388,-5.324027202611027,1.2649572006164953,rivendale
863,-1.4546363796220774,0.0732314926309886,0.03831265598874889,2.0502604831939424,moria
864,-9.725817863361847,1.427204812246957,2.759319459475938,3.983614301680471,helm
865,8.168768963900657,-1.147264908897194,-1.9508906065875888,-3.8676954335078335,tirith
866,-18.97843686855217,2.2147147262704836,4.300418746319231,-6.244096764202124,helm
867,-13.589991409358454,1.4248584080503772,3.5467018113565216,-1.5090877986617113,helm
868,-31.857990365148947,2.6312958968151374,7.400735567229825,0.29582809400506105,helm
869,1.970211553088368,-0.013861825355482749,-0.5841157733656017,-0.8669212689027532,tirith
870,5.337318825437947,-0.46296967389095,-1.1873608094724382,-3.6860395564023074,helm
871,1.313078960487002,-0.7715635205978576,-0.4080510450287538,-1.6663018656901651,rivendale
872,-11.142046919213456,0.3259518678498726,2.7893734779058352,2.3033893184032275,tirith
873,-15.840655245935986,1.7590218200283063,3.7497221628808286,-2.5219488580443055,tirith
874,13.8639502879452,-1.386416294395396,-3.32995271236764,-4.736766412256736,tirith
875,7.278879388730978,-0.6292785708079114,-1.261079135329462,0.7901343279988511,rivendale
876,-7.599587705344886,1.3404989998210155,2.206478206125823,3.001604720454976,rivendale
877,10.710198199871995,-1.2668894071991863,-2.4414193068652636,0.8687810678736736,moria
878,-6.195797762567331,0.7795262918923884,1.7974292787412636,0.5284252838437873,moria
879,2.614233101649902,-0.057489969249850725,-0.5886583438236936,0.6087563714933237,helm
880,-10.376311839290336,1.5309767357245638,2.400994463748616,-2.701243066438649,tirith
881,8.780676683880897,-1.5023854341729102,-2.341683568682318,-0.9897360180511137,tirith
882,14.099374897078313,-1.3535431532691344,-3.43394353136619,9.351634751501711,rivendale
883,-9.473842599766956,1.1740817585869774,2.6740552179076134,3.981912887413359,moria
884,5.185037561577051,-0.4010659431016299,-1.2510420475261306,0.622222586386459,helm
885,-11.885916992902093,0.9897664551203302,2.6211617581138134,-2.9731014034747534,moria
886,7.292739684144978,-1.0169265480669443,-1.7085074171675023,-5.4912504749103945,moria
887,-10.621245791486835,1.4119926776439047,3.0281557840629354,-0.7625293175780461,helm
888,-5.139327721622571,0.9682052711269423,1.4209690384254925,4.450953093966338,tirith
889,3.6693184266100727,-0.19364644151878976,-0.4062275824641337,2.9843520499814074,helm
890,3.89617935448378,-0.8189186837226821,-0.8441302674966136,5.228332531240371,rivendale
891,-14.734039164259393,1.6511384231430337,3.917401332057848,-3.165524947575395,rivendale
892,-12.778146369742474,0.8473659029993997,3.0485137351558227,-3.0541946205970527,moria
893,14.808137068589634,-1.4577043234454412,-4.098724762912277,3.0355934661218127,tirith
894,20.9313351482985,-2.2597008361830255,-5.022483767886172,6.106153636049047,rivendale
895,-0.748706798384748,0.22637636183122478,0.17187123403698373,7.181260412934208,rivendale
896,4.1566269393206134,-0.49127069363694503,-0.7207946207571073,1.9319773086935457,helm
897,-11.137459526957434,-0.3796789226725882,2.707659666538963,-4.893072337203851,rivendale
898,-15.712556198153733,1.2239050570478092,3.610879904072804,-2.3585448754873113,rivendale
899,22.732537139796438,-2.5814440878633658,-5.819164691487208,1.3335615406678163,rivendale
900,-1.9747867650863458,-0.09307283044004488,0.2670160942673203,5.345712322130113,helm
901,-1.6155109571850335,-0.0774765506843853,0.23550026930542123,1.4589819527085996,moria
902,22.219824815490426,-2.7735868031885964,-5.429611920423856,-1.8998957827916074,helm
903,2.254562216404972,-0.1783608606750937,-0.4146210458708105,-0.35744353793997846,moria
904,9.69991675411373,-0.7907523348350247,-2.824465090408263,-2.2117238436401165,tirith
905,-8.281590642261309,0.09849611754430898,2.0978638950871122,2.5779346105080867,tirith
906,-18.23402446408363,1.471634964163683,4.415511108600575,3.812352247413184,helm
907,2.762400163036198,-0.09038720916602438,-1.0710660804255556,3.8832993643171556,moria
908,-12.95988452896701,1.2558696366835798,3.300217106770523,-0.4109246846397585,helm
909,-7.619444776682318,-0.29827491131079464,1.7462327614748994,0.08637835767581836,tirith
910,1.8739793714821902,-0.8260931207814584,-0.3991421548645102,-2.098388104554575,tirith
911,10.654154506620005,-1.0913932654437373,-3.039025112078931,0.35070618257669506,rivendale
912,-11.22260131191432,2.232903232305178,3.1254495041679933,2.2419738131155444,tirith
913,-14.569997943482875,0.9370912061632972,3.5939201964744285,-4.407387734364871,rivendale
914,-8.136466908741475,1.1451246781528255,2.2689645235976093,-3.188229789028443,rivendale
915,10.567581685934808,-0.7873983999601271,-2.3155960925456265,-2.4102772001661235,tirith
916,1.3117250812529881,0.429196940905854,-0.4022446193447978,-2.3711793743240346,moria
917,11.903648794502809,-1.317760470830963,-3.3641529044256813,-3.404094034330474,tirith
918,-15.122576180931837,2.20636262618071,3.6115507789441086,-5.993043806748045,tirith
919,11.879937273761737,-1.0887115109281065,-3.125965095410603,6.424099410031339,helm
920,0.2977061826281405,-0.27525616772238903,-0.23927249681048834,-5.617571873401646,moria
921,12.181528039247913,-1.555644380578987,-3.0455466534729134,-0.31399715065362077,tirith
922,10.860815520234354,-0.03814023017435586,-2.563780323306474,0.03467596673679507,tirith
923,21.965730413000884,-1.990214087304836,-5.542884215562452,6.175446904396398,tirith
924,9.4717887051263,-1.2012144594118328,-1.7830351457301643,1.663379138696146,tirith
925,16.161562708753372,-1.7539019292965463,-3.4633489531253123,-0.6368369969707632,moria
926,3.902569801032624,-1.0751252498029853,-1.2113372156885494,3.1064683579806864,helm
927,17.09302210547982,-2.961391850512721,-4.465433946789528,-1.247136851306016,helm
928,-9.514826218845213,1.0009932864802913,2.3493090230614757,-1.4129271847927047,tirith
929,0.12646598678022358,-0.5070751555628067,-0.41648303032816947,6.795221736833565,tirith
930,9.7066149843599,-1.689183492050009,-2.3897962228387564,-2.2155924976529815,rivendale
931,6.962317570426571,-0.9050965934078585,-1.654279615808721,-0.620888189197877,moria
932,10.422788665597789,-0.6056709365047517,-2.4586921841942715,-4.281075349227964,rivendale
933,7.446447625708009,-0.5744408154111554,-1.7268330723759497,1.030062892116755,moria
934,-7.876374750238662,1.2472165319025847,2.0332464591645567,4.571953637940018,helm
935,7.34666522663211,-0.6466903512008905,-1.6211687698433532,-1.1614269617330288,rivendale
936,1.7709281371009564,-0.2624862745318678,-0.059504887264051176,-3.43054678868006,tirith
937,12.60450605529568,-0.7992638504157534,-3.1263790513440375,-3.0604342098301696,helm
938,-6.672588620723613,1.42716726039385,1.7998119559576096,1.3285388418262962,moria
939,-7.258826228193207,1.3983497654518073,2.2326948438701892,-2.9985673384332343,rivendale
940,-21.131619715253088,1.8320612104981568,5.1710690047385,0.8997848070223708,rivendale
941,1.8634347340130968,0.4146220140250516,-0.6183105222251732,-1.0460707719463125,tirith
942,3.038603239825961,-1.057786830833534,-0.41442768826713117,0.37623503379688183,tirith
943,-13.715773789911712,1.4725580348955702,3.716244458461536,0.3968032381237576,helm
944,-5.884661380980544,0.7695596679542359,1.0166779448807333,1.2913467990251886,tirith
945,0.41548433476382035,-0.28618175355774705,0.018380079061987464,4.224748567370537,moria
946,2.6691599718095227,-0.913262042362276,-0.8436241385615793,1.7239704509329896,moria
947,-5.349494446056742,0.8625989235725253,1.6562888985482844,0.1430918592933632,tirith
948,13.49178826354015,-1.7283391045596805,-3.073437746747762,4.123148815142475,rivendale
949,8.948176981722487,-1.4776279447207041,-2.0705167862773988,-2.8435043090357763,helm
950,-9.883789767100769,1.2467110432565593,2.499445279056382,5.744980715571926,moria
951,-5.0528958476062655,-0.7407107263664157,1.1620165319811595,-3.0953530596047387,helm
952,-5.875810592623345,0.21467166768995577,1.391431894721533,3.933326023162825,moria
953,6.605459658783182,-1.2665481686847457,-1.3175273971656571,-3.1382453561219195,rivendale
954,13.347859649631717,-1.5836768519443818,-3.1797385406095735,-2.355704252137932,moria
955,-4.965621198669385,0.8479307134395682,1.2477891806047,-1.9294021086237398,helm
956,-13.160812935285149,2.546045210114573,3.258712729686529,-1.2262571755960676,tirith
957,3.8574969070920373,-0.4763045968570117,-0.5607847109375568,-4.958562178676307,moria
958,9.128882738723444,-0.008482146966665605,-2.314514799290122,2.7471750905512202,rivendale
959,1.615875541463486,-0.6285992194797924,-0.3056337266853826,-2.612488933656749,rivendale
960,-7.720886294907656,0.9778251605961146,1.7149167242753958,-2.6465400122789973,moria
961,-8.192264372675355,0.5933081256810925,2.3549212495480663,-1.3419332481513955,rivendale
962,4.3439077511541,-0.3562510663217936,-1.4530526859004678,4.545824549490151,tirith
963,9.457924966473668,-1.6081980371448734,-2.8815307724762866,-4.8704849257843685,tirith
964,2.2947270005751967,-0.4308087392250005,-0.7474020286605141,1.6339812485050957,tirith
965,0.562087064378433,-0.422943056660804,-0.35863889283102757,-0.1254189230436631,moria
966,-15.18049972237366,1.075474738541305,3.892685520934826,-7.165577345638974,moria
967,-1.484108029596452,-0.03993036140997208,0.11792494448913529,-0.4903597210339605,tirith
968,2.4197795234933586,-0.4337016705860196,-0.4812275387634742,-1.7222549640511613,moria
969,-5.42157106293528,0.8878203028857342,1.8225043530602287,0.19096707401089552,rivendale
970,9.300766764650955,-1.588668450340403,-2.049917374217837,-0.7212495377486324,rivendale
971,-8.556368581239873,0.9063914517162656,2.1960028703732846,1.420345381662677,tirith
972,19.484732303529178,-2.032622660462713,-4.893299818182429,0.22029271955871554,helm
973,-0.3625467399198037,-0.39734410144208515,-0.4955186288281701,-1.873265703202727,moria
974,-7.204008988757163,0.2537297940437964,1.8714929060704915,1.7252565528971882,moria
975,-6.543580671091643,0.6213796690592617,1.3084314813887568,-0.9174472724122988,rivendale
976,-3.8537375035395187,-0.03414644724078414,1.2540371986736156,1.1387895954157412,moria
977,12.219487512147035,-1.7725663119390078,-3.3404334681885883,-3.432779215783241,helm
978,-15.662008201598871,0.8947283315785444,3.2879882643030993,0.12865215984051437,helm
979,0.5198553411695255,-0.08382982881613715,-0.03362216482371019,-0.7523022770846071,tirith
980,-7.179524083708445,0.5698673488250621,1.6321708948079718,-1.5190707266026535,rivendale
981,5.92415997783781,-0.7501156646154608,-1.4622990399634768,0.7659079859313458,moria
982,-17.0865676483681,1.9141873049568603,4.424527111157134,0.188547703680638,moria
983,13.725503008498718,-0.4981611161120992,-2.8666237721315095,-3.234953468521793,tirith
984,14.325499232040402,-0.8650260588488157,-2.9949485411127856,-0.20920884643966398,helm
985,-0.015874106780177755,0.23558870335274973,-0.2132021444235377,-1.275518275676133,moria
986,10.938222362447581,-0.7725907453908131,-2.7715716186465893,-1.158609782977324,moria
987,-5.231860668002335,0.6817948532034672,0.5958468299163586,-7.059655337551684,tirith
988,0.12374689186656207,0.17119174628737494,-0.3202939994250028,5.221897750862366,rivendale
989,-0.6594385767495704,-0.7433693346857853,-0.07663902706372605,-3.0051365118822932,moria
990,-5.702832404882233,0.11492786434637992,1.3883906167017652,-1.4099747318334477,helm
991,-4.527523751920581,-0.23112728532501217,0.3809511134545998,-2.7078679825889047,rivendale
992,21.970765933061436,-2.8942425105644496,-5.719822103030732,-5.639575375670004,helm
993,13.215187011212361,-1.2247961508156995,-3.3539748837917367,2.035676820721036,helm
994,20.34112743420492,-1.3868368258667254,-4.59708004171815,-2.114595500762912,moria
995,10.049148326659681,-0.9459527168102297,-2.454125095613202,0.10996319734497684,tirith
996,20.477096060152917,-2.31021950863138,-5.418034350926124,3.336931692225367,helm
997,-4.311900588887079,0.43211820696009173,0.6726344030136708,-1.9599888272358326,tirith
998,5.351849174706599,-1.0088464600677307,-1.2657838159711807,-2.9491782088354235,tirith
999,-4.2478515781498825,0.4977935110649638,1.1741660686533726,-1.4014838977690327,rivendale
1000,-4.92378256013885,1.1300089031585747,1.000862059997298,2.0742678110171267,rivendale
1001,8.650941572732842,-0.3052807059477873,-2.2126857042917805,-0.7663423293781798,tirith
1002,0.6731817905307851,-0.026731123741598473,-0.2453965306948201,4.7180180034531345,moria
1003,-3.8886851997121257,0.44300517543437135,0.8214116569495709,-2.193065846547003,rivendale
1004,24.672794235007387,-2.5673489754969676,-6.3242136338633435,-0.391794331667918,moria
1005,7.645016400058682,-0.5522792885981318,-2.010328187916869,-3.544196126690441,helm
1006,-4.660940327252938,1.4745064983649392,1.1019743923675,3.590674051952266,helm
1007,10.369583299699848,-1.083756152850315,-3.180930713743445,8.580631145425617,tirith
1008,-0.9615773140873667,0.09385681408250512,3.7564301033771175e-05,-0.3881015841143649,helm
1009,12.565933252081633,-1.5458205082298124,-3.113297746992566,-1.9353112691377623,moria
1010,6.545519424121056,-0.5365410979248345,-1.7368429529004774,0.6640105488229584,helm
1011,-9.513584148286956,0.6708508681576828,2.098476196683183,0.04310706777481266,rivendale
1012,-1.7300866801082788,1.031776968830752,0.5776248827654231,-0.7592763183253388,tirith
1013,-5.333961365738838,0.37274654000965135,1.1269772132445512,5.240381325716864,rivendale
1014,13.396991115508973,-2.3346452202275367,-3.252709906616277,1.7927940636786417,tirith
1015,-1.513408045600567,-0.23767476815290556,0.45914533658935497,-1.1316417544501807,helm
1016,-7.564300363782207,0.5593829643231809,1.5584499040462685,-0.39542735962070663,tirith
1017,-4.631781043039924,-0.01176087819975935,1.1531930118653027,3.1174569486497017,helm
1018,-14.048123654415507,2.1235235663927967,3.728974347364485,-3.4758117031304785,tirith
1019,-0.3823683903600899,0.21512327853062263,0.008850237855784981,2.5329685532459854,tirith
1020,8.067241655241085,-1.4286878654338047,-1.9973284116661134,-5.657901782616367,moria
1021,-22.319782889503905,2.5819308034647377,5.426218669862141,-3.6201334337352877,rivendale
1022,3.9598377770015567,-0.7380170339450932,-1.2368182887059425,-0.28791110010173193,tirith
1023,-13.197846822101086,0.9720918598922693,3.4744290977140713,-2.069774392893166,helm
1024,9.421486542593668,-0.8529814811007517,-2.80671251582122,-0.11117192816988364,tirith
